target_name,degraded_channel_ghz,noise_factor,setup_type,group_name,model_name,n_samples,rmse_k,mae_k,bias_k,target_std_k,normalized_rmse,rmse_reduction_vs_baseline_pct
lower_layer_mean_temperature_k,50.3,1.0,global,all_era5,mean_baseline,240,14.51978531861896,11.904808138337925,-3.647452710235181e-14,14.459286213124718,1.0041841004184098,0.0
lower_layer_mean_temperature_k,50.3,1.0,global,all_era5,linear_regression,240,1.3579228821532878,1.0671540520145641,-0.0004172936135218445,14.459286213124718,0.09391354885282642,90.6477757600727
lower_layer_mean_temperature_k,50.3,1.0,global,all_era5,ridge_regression,240,1.4128312631705795,1.1125054460416086,-7.529353683691417e-05,14.459286213124718,0.09771099640369178,90.26961327479903
lower_layer_mean_temperature_k,50.3,1.0,source_name,high_latitude_continental_2020,mean_baseline,60,1.9628582456336663,1.6880731119274397,-1.3737159558028604e-14,1.9301439415397743,1.0169491525423715,0.0
lower_layer_mean_temperature_k,50.3,1.0,source_name,high_latitude_continental_2020,linear_regression,60,0.9138110705018695,0.6781272748199954,0.0016885720206938496,1.9301439415397743,0.4734419287780557,53.44487700349113
lower_layer_mean_temperature_k,50.3,1.0,source_name,high_latitude_continental_2020,ridge_regression,60,0.9117330337340068,0.681020598488053,0.0010839950593468947,1.9301439415397743,0.47236530608523986,53.55074490161802
lower_layer_mean_temperature_k,50.3,1.0,source_name,lower_latitude_maritime_2020,mean_baseline,100,0.440528023832331,0.33445630930890957,-6.8212102632969615e-15,0.43612274359400777,1.01010101010101,0.0
lower_layer_mean_temperature_k,50.3,1.0,source_name,lower_latitude_maritime_2020,linear_regression,100,0.21956891776414822,0.1766306708496762,0.0006778649975063899,0.43612274359400777,0.5034567010991469,50.15778659118445
lower_layer_mean_temperature_k,50.3,1.0,source_name,lower_latitude_maritime_2020,ridge_regression,100,0.21950123457823284,0.17652293077782133,0.0006778750666683209,0.43612274359400777,0.5033015081244406,50.173150695680356
lower_layer_mean_temperature_k,50.3,1.0,source_name,winter_midlatitude_maritime_sample,mean_baseline,80,1.3913005148696294,1.1542713149187371,-7.105427357601002e-16,1.3739092584337618,1.0126582278480991,0.0
lower_layer_mean_temperature_k,50.3,1.0,source_name,winter_midlatitude_maritime_sample,linear_regression,80,1.0498487730535797,0.849154623412398,0.0034147628222065407,1.3739092584337618,0.7641325412206577,24.541911554459904
lower_layer_mean_temperature_k,50.3,1.0,source_name,winter_midlatitude_maritime_sample,ridge_regression,80,1.0493921062936291,0.8491350301879834,0.0033759859782009015,1.3739092584337618,0.7638001562708167,24.574734568256694
lower_layer_mean_temperature_k,50.3,1.0,source_name_pooled,all_sources_pooled,mean_baseline,240,1.2997317244650368,0.9461321785001513,-6.5133084111342514e-15,14.459286213124718,0.08988906542878086,0.0
lower_layer_mean_temperature_k,50.3,1.0,source_name_pooled,all_sources_pooled,linear_regression,240,0.7721687181290294,0.5261794726964966,0.0018428410282033052,14.459286213124718,0.05340296241097507,40.59014613597661
lower_layer_mean_temperature_k,50.3,1.0,source_name_pooled,all_sources_pooled,ridge_regression,240,0.7713392306738222,0.5268513808420999,0.001678775368682158,14.459286213124718,0.053345595301493944,40.65396603354422
upper_layer_mean_temperature_k,50.3,1.0,global,all_era5,mean_baseline,240,6.697328834001193,6.314122417112401,-2.2500519965736505e-15,6.669423297192855,1.00418410041841,0.0
upper_layer_mean_temperature_k,50.3,1.0,global,all_era5,linear_regression,240,3.20031818434828,2.5508266082721263,0.003476032871706754,6.669423297192855,0.4798493125627948,52.21500595728834
upper_layer_mean_temperature_k,50.3,1.0,global,all_era5,ridge_regression,240,3.279741745816866,2.691042516635746,0.001169140141982794,6.669423297192855,0.49175792263737433,51.029106870694804
upper_layer_mean_temperature_k,50.3,1.0,source_name,high_latitude_continental_2020,mean_baseline,60,3.441336887472731,2.945238542287361,9.473903143468002e-16,3.3839812726815155,1.016949152542374,0.0
upper_layer_mean_temperature_k,50.3,1.0,source_name,high_latitude_continental_2020,linear_regression,60,3.1708043530377465,2.568603898769966,0.004494171011735659,3.3839812726815155,0.9370041077458905,7.8612627383208515
upper_layer_mean_temperature_k,50.3,1.0,source_name,high_latitude_continental_2020,ridge_regression,60,3.145534136927285,2.5797906322725366,0.0009442080795461531,3.3839812726815155,0.9295365084673529,8.595576667377058
upper_layer_mean_temperature_k,50.3,1.0,source_name,lower_latitude_maritime_2020,mean_baseline,100,0.32733466425554114,0.2681760367961877,7.105427357601002e-15,0.324061317612984,1.0101010101010155,0.0
upper_layer_mean_temperature_k,50.3,1.0,source_name,lower_latitude_maritime_2020,linear_regression,100,0.30143592740474906,0.2490023720245,0.0005939602054502302,0.324061317612984,0.930181761973653,7.912005564608837
upper_layer_mean_temperature_k,50.3,1.0,source_name,lower_latitude_maritime_2020,ridge_regression,100,0.3013134762042156,0.24890013380980774,0.0005854758615410561,0.324061317612984,0.9298038976810696,7.949414129574583
upper_layer_mean_temperature_k,50.3,1.0,source_name,winter_midlatitude_maritime_sample,mean_baseline,80,0.7218569347110927,0.5922586304225949,2.5224267119483555e-14,0.7128337230272038,1.0126582278481016,0.0
upper_layer_mean_temperature_k,50.3,1.0,source_name,winter_midlatitude_maritime_sample,linear_regression,80,0.6974385971951089,0.5700286911723073,-0.0018202236809582218,0.7128337230272038,0.9784029215583178,3.382711496116153
upper_layer_mean_temperature_k,50.3,1.0,source_name,winter_midlatitude_maritime_sample,ridge_regression,80,0.696934161611601,0.5699104937065563,-0.001786651755539026,0.7128337230272038,0.9776952732425708,3.452591767296165
upper_layer_mean_temperature_k,50.3,1.0,source_name_pooled,all_sources_pooled,mean_baseline,240,1.7829855198542681,1.0454691943777834,1.1605531350748303e-14,6.669423297192855,0.2673372854598572,0.0
upper_layer_mean_temperature_k,50.3,1.0,source_name_pooled,all_sources_pooled,linear_regression,240,1.6472705003229609,0.9359115267601356,0.0007642849448854368,6.669423297192855,0.24698844666469036,7.611672558193283
upper_layer_mean_temperature_k,50.3,1.0,source_name_pooled,all_sources_pooled,ridge_regression,240,1.6350324404763616,0.9386262117244062,-0.00011555028965103039,6.669423297192855,0.24515349642967527,8.29805277330572
lower_layer_mean_temperature_k,50.3,2.0,global,all_era5,mean_baseline,240,14.51978531861896,11.904808138337925,-3.647452710235181e-14,14.459286213124718,1.0041841004184098,0.0
lower_layer_mean_temperature_k,50.3,2.0,global,all_era5,linear_regression,240,1.3567451165266466,1.070858056172106,-0.0001300063220842418,14.459286213124718,0.09383209492700455,90.65588721351912
lower_layer_mean_temperature_k,50.3,2.0,global,all_era5,ridge_regression,240,1.4196596759550244,1.1278876287412047,8.499753683111066e-06,14.459286213124718,0.09818324743211715,90.22258494321834
lower_layer_mean_temperature_k,50.3,2.0,source_name,high_latitude_continental_2020,mean_baseline,60,1.9628582456336663,1.6880731119274397,-1.3737159558028604e-14,1.9301439415397743,1.0169491525423715,0.0
lower_layer_mean_temperature_k,50.3,2.0,source_name,high_latitude_continental_2020,linear_regression,60,0.9128775952238141,0.6752959104354592,0.001965093344157746,1.9301439415397743,0.47295829890052915,53.49243394144791
lower_layer_mean_temperature_k,50.3,2.0,source_name,high_latitude_continental_2020,ridge_regression,60,0.9112128013072914,0.6770352394128134,0.0012095898666932689,1.9301439415397743,0.4720957757069509,53.577248722149776
lower_layer_mean_temperature_k,50.3,2.0,source_name,lower_latitude_maritime_2020,mean_baseline,100,0.440528023832331,0.33445630930890957,-6.8212102632969615e-15,0.43612274359400777,1.01010101010101,0.0
lower_layer_mean_temperature_k,50.3,2.0,source_name,lower_latitude_maritime_2020,linear_regression,100,0.2792776194668667,0.22450781316471136,0.0007344515033986454,0.43612274359400777,0.6403647220169967,36.603892520317316
lower_layer_mean_temperature_k,50.3,2.0,source_name,lower_latitude_maritime_2020,ridge_regression,100,0.2791811337658083,0.22429589990803606,0.0007397237317888994,0.43612274359400777,0.640143486820081,36.62579480481196
lower_layer_mean_temperature_k,50.3,2.0,source_name,winter_midlatitude_maritime_sample,mean_baseline,80,1.3913005148696294,1.1542713149187371,-7.105427357601002e-16,1.3739092584337618,1.0126582278480991,0.0
lower_layer_mean_temperature_k,50.3,2.0,source_name,winter_midlatitude_maritime_sample,linear_regression,80,1.0535438277182196,0.8526958472546695,0.003064467443742558,1.3739092584337618,0.7668219871516446,24.276328768774945
lower_layer_mean_temperature_k,50.3,2.0,source_name,winter_midlatitude_maritime_sample,ridge_regression,80,1.053113632151504,0.8522007359850285,0.0030284928525254884,1.3739092584337618,0.7665088692626174,24.307249160316367
lower_layer_mean_temperature_k,50.3,2.0,source_name_pooled,all_sources_pooled,mean_baseline,240,1.2997317244650368,0.9461321785001513,-6.5133084111342514e-15,14.459286213124718,0.08988906542878086,0.0
lower_layer_mean_temperature_k,50.3,2.0,source_name_pooled,all_sources_pooled,linear_regression,240,0.7815494675617614,0.5466008488457177,0.001818783943703058,14.459286213124718,0.05405173229452693,39.86840108227386
lower_layer_mean_temperature_k,50.3,2.0,source_name_pooled,all_sources_pooled,ridge_regression,240,0.780855840512297,0.5467823468098946,0.0016201133057605214,14.459286213124718,0.054003761250919345,39.921768022266804
upper_layer_mean_temperature_k,50.3,2.0,global,all_era5,mean_baseline,240,6.697328834001193,6.314122417112401,-2.2500519965736505e-15,6.669423297192855,1.00418410041841,0.0
upper_layer_mean_temperature_k,50.3,2.0,global,all_era5,linear_regression,240,3.2128352770721587,2.553729330111745,0.002717813176056557,6.669423297192855,0.4817261004297678,52.02810916553562
upper_layer_mean_temperature_k,50.3,2.0,global,all_era5,ridge_regression,240,3.2793810877658833,2.6906014860954723,0.0010037344654046858,6.669423297192855,0.4917038462900034,51.03449197362049
upper_layer_mean_temperature_k,50.3,2.0,source_name,high_latitude_continental_2020,mean_baseline,60,3.441336887472731,2.945238542287361,9.473903143468002e-16,3.3839812726815155,1.016949152542374,0.0
upper_layer_mean_temperature_k,50.3,2.0,source_name,high_latitude_continental_2020,linear_regression,60,3.1767515887662094,2.603715518748476,-0.011303975670928423,3.3839812726815155,0.9387615748384168,7.688445140889111
upper_layer_mean_temperature_k,50.3,2.0,source_name,high_latitude_continental_2020,ridge_regression,60,3.157734776392761,2.6051775117295084,-0.010625010207825861,3.3839812726815155,0.9331419183329364,8.241044697261346
upper_layer_mean_temperature_k,50.3,2.0,source_name,lower_latitude_maritime_2020,mean_baseline,100,0.32733466425554114,0.2681760367961877,7.105427357601002e-15,0.324061317612984,1.0101010101010155,0.0
upper_layer_mean_temperature_k,50.3,2.0,source_name,lower_latitude_maritime_2020,linear_regression,100,0.3036472153594278,0.2496643762057684,0.000392659480826012,0.324061317612984,0.9370054334040074,7.236462093003759
upper_layer_mean_temperature_k,50.3,2.0,source_name,lower_latitude_maritime_2020,ridge_regression,100,0.3035432498419715,0.2495702046137464,0.0003874461917231997,0.324061317612984,0.9366846128931792,7.268223323575751
upper_layer_mean_temperature_k,50.3,2.0,source_name,winter_midlatitude_maritime_sample,mean_baseline,80,0.7218569347110927,0.5922586304225949,2.5224267119483555e-14,0.7128337230272038,1.0126582278481016,0.0
upper_layer_mean_temperature_k,50.3,2.0,source_name,winter_midlatitude_maritime_sample,linear_regression,80,0.7029589127368956,0.5838488280377021,0.0012602590103341527,0.7128337230272038,0.9861471055993638,2.617973322062861
upper_layer_mean_temperature_k,50.3,2.0,source_name,winter_midlatitude_maritime_sample,ridge_regression,80,0.702518660586107,0.5836765549883818,0.0012344554418906029,0.7128337230272038,0.9855294971213039,2.67896215927127
upper_layer_mean_temperature_k,50.3,2.0,source_name_pooled,all_sources_pooled,mean_baseline,240,1.7829855198542681,1.0454691943777834,1.1605531350748303e-14,6.669423297192855,0.2673372854598572,0.0
upper_layer_mean_temperature_k,50.3,2.0,source_name_pooled,all_sources_pooled,linear_regression,240,1.65108209616069,0.9495719791187566,-0.0022422994639432164,6.669423297192855,0.24755994972693166,7.397896518215086
upper_layer_mean_temperature_k,50.3,2.0,source_name_pooled,all_sources_pooled,ridge_regression,240,1.6418660407858756,0.9498408148508987,-0.002083331491441598,6.669423297192855,0.2461781128027866,7.914785481820785
lower_layer_mean_temperature_k,50.3,3.0,global,all_era5,mean_baseline,240,14.51978531861896,11.904808138337925,-3.647452710235181e-14,14.459286213124718,1.0041841004184098,0.0
lower_layer_mean_temperature_k,50.3,3.0,global,all_era5,linear_regression,240,1.357105667056079,1.0752714697358774,9.270896528299489e-05,14.459286213124718,0.09385703049603043,90.65340404643698
lower_layer_mean_temperature_k,50.3,3.0,global,all_era5,ridge_regression,240,1.4313001621818757,1.1422419246866222,0.00015871249554268255,14.459286213124718,0.0989883000505711,90.14241511996396
lower_layer_mean_temperature_k,50.3,3.0,source_name,high_latitude_continental_2020,mean_baseline,60,1.9628582456336663,1.6880731119274397,-1.3737159558028604e-14,1.9301439415397743,1.0169491525423715,0.0
lower_layer_mean_temperature_k,50.3,3.0,source_name,high_latitude_continental_2020,linear_regression,60,0.9129549583878614,0.6730273052210478,0.0024431275722856566,1.9301439415397743,0.4729983804521598,53.4884925888709
lower_layer_mean_temperature_k,50.3,3.0,source_name,high_latitude_continental_2020,ridge_regression,60,0.911611378139338,0.6735743539704312,0.0015938740899670734,1.9301439415397743,0.47230227679915887,53.556942781415984
lower_layer_mean_temperature_k,50.3,3.0,source_name,lower_latitude_maritime_2020,mean_baseline,100,0.440528023832331,0.33445630930890957,-6.8212102632969615e-15,0.43612274359400777,1.01010101010101,0.0
lower_layer_mean_temperature_k,50.3,3.0,source_name,lower_latitude_maritime_2020,linear_regression,100,0.30270672243467905,0.24038556032688915,0.0005368707880290913,0.43612274359400777,0.6940860729714032,31.285478775831066
lower_layer_mean_temperature_k,50.3,3.0,source_name,lower_latitude_maritime_2020,ridge_regression,100,0.30260352866398155,0.240091006009539,0.0005446976532238068,0.43612274359400777,0.6938494566237964,31.30890379424415
lower_layer_mean_temperature_k,50.3,3.0,source_name,winter_midlatitude_maritime_sample,mean_baseline,80,1.3913005148696294,1.1542713149187371,-7.105427357601002e-16,1.3739092584337618,1.0126582278480991,0.0
lower_layer_mean_temperature_k,50.3,3.0,source_name,winter_midlatitude_maritime_sample,linear_regression,80,1.0536024757086226,0.8544797486425445,0.0026400990102409595,1.3739092584337618,0.7668646740977023,24.27211343285174
lower_layer_mean_temperature_k,50.3,3.0,source_name,winter_midlatitude_maritime_sample,ridge_regression,80,1.0531789742898476,0.8541296030873262,0.002613050198799982,1.3739092584337618,0.7665564285449664,24.30255268118442
lower_layer_mean_temperature_k,50.3,3.0,source_name_pooled,all_sources_pooled,mean_baseline,240,1.2997317244650368,0.9461321785001513,-6.5133084111342514e-15,14.459286213124718,0.08988906542878086,0.0
lower_layer_mean_temperature_k,50.3,3.0,source_name_pooled,all_sources_pooled,linear_regression,240,0.7852244782251776,0.5532440593223139,0.0017145110581638552,14.459286213124718,0.054305894955757085,39.585649604084864
lower_layer_mean_temperature_k,50.3,3.0,source_name_pooled,all_sources_pooled,ridge_regression,240,0.7846280541124585,0.5531413753590244,0.0014964426109350152,14.459286213124718,0.05426464643878826,39.6315378517511
upper_layer_mean_temperature_k,50.3,3.0,global,all_era5,mean_baseline,240,6.697328834001193,6.314122417112401,-2.2500519965736505e-15,6.669423297192855,1.00418410041841,0.0
upper_layer_mean_temperature_k,50.3,3.0,global,all_era5,linear_regression,240,3.221772437135335,2.554647997013567,0.0022312677767607407,6.669423297192855,0.48306612034827234,51.894665515317875
upper_layer_mean_temperature_k,50.3,3.0,global,all_era5,ridge_regression,240,3.2790934939361094,2.6904289921121585,0.0008109560361140449,6.669423297192855,0.49166072504593794,51.038786130842006
upper_layer_mean_temperature_k,50.3,3.0,source_name,high_latitude_continental_2020,mean_baseline,60,3.441336887472731,2.945238542287361,9.473903143468002e-16,3.3839812726815155,1.016949152542374,0.0
upper_layer_mean_temperature_k,50.3,3.0,source_name,high_latitude_continental_2020,linear_regression,60,3.195565121285268,2.6466626830782087,-0.022960820051876378,3.3839812726815155,0.9443211601325016,7.141752586970773
upper_layer_mean_temperature_k,50.3,3.0,source_name,high_latitude_continental_2020,ridge_regression,60,3.1805481043953394,2.641929431588195,-0.02003365810182013,3.3839812726815155,0.9398834828288004,7.578124188501379
upper_layer_mean_temperature_k,50.3,3.0,source_name,lower_latitude_maritime_2020,mean_baseline,100,0.32733466425554114,0.2681760367961877,7.105427357601002e-15,0.324061317612984,1.0101010101010155,0.0
upper_layer_mean_temperature_k,50.3,3.0,source_name,lower_latitude_maritime_2020,linear_regression,100,0.30657141014463557,0.2507788587010413,0.00024175390079278714,0.324061317612984,0.9460290182204466,6.34312719617629
upper_layer_mean_temperature_k,50.3,3.0,source_name,lower_latitude_maritime_2020,ridge_regression,100,0.3064712605913233,0.25070453157563094,0.0002384325575886237,0.324061317612984,0.9457199731482053,6.3737226583281625
upper_layer_mean_temperature_k,50.3,3.0,source_name,winter_midlatitude_maritime_sample,mean_baseline,80,0.7218569347110927,0.5922586304225949,2.5224267119483555e-14,0.7128337230272038,1.0126582278481016,0.0
upper_layer_mean_temperature_k,50.3,3.0,source_name,winter_midlatitude_maritime_sample,linear_regression,80,0.7005371170851804,0.5872259071475288,0.0025101455517404503,0.7128337230272038,0.9827496854528667,2.9534685615294487
upper_layer_mean_temperature_k,50.3,3.0,source_name,winter_midlatitude_maritime_sample,ridge_regression,80,0.7001211714647639,0.5869145487544835,0.0024610235544351156,0.7128337230272038,0.9821661754322547,3.011090176064879
upper_layer_mean_temperature_k,50.3,3.0,source_name_pooled,all_sources_pooled,mean_baseline,240,1.7829855198542681,1.0454691943777834,1.1605531350748303e-14,6.669423297192855,0.2673372854598572,0.0
upper_layer_mean_temperature_k,50.3,3.0,source_name_pooled,all_sources_pooled,linear_regression,240,1.6600162772889508,0.9618988309441623,-0.004802759037058616,6.669423297192855,0.24889952298988846,6.896816670466743
upper_layer_mean_temperature_k,50.3,3.0,source_name_pooled,all_sources_pooled,ridge_regression,240,1.652724027171841,0.9605807623050562,-0.004088726441648068,6.669423297192855,0.24780613758126116,7.305807659788166
lower_layer_mean_temperature_k,50.3,5.0,global,all_era5,mean_baseline,240,14.51978531861896,11.904808138337925,-3.647452710235181e-14,14.459286213124718,1.0041841004184098,0.0
lower_layer_mean_temperature_k,50.3,5.0,global,all_era5,linear_regression,240,1.3590585836458275,1.0803548011154376,0.0002521397282674087,14.459286213124718,0.0939920936354526,90.63995400880283
lower_layer_mean_temperature_k,50.3,5.0,global,all_era5,ridge_regression,240,1.4508408789270537,1.1636151526466736,0.0004457279345977838,14.459286213124718,0.10033973029803664,90.00783519115384
lower_layer_mean_temperature_k,50.3,5.0,source_name,high_latitude_continental_2020,mean_baseline,60,1.9628582456336663,1.6880731119274397,-1.3737159558028604e-14,1.9301439415397743,1.0169491525423715,0.0
lower_layer_mean_temperature_k,50.3,5.0,source_name,high_latitude_continental_2020,linear_regression,60,0.9143979304632517,0.6697330018191716,0.0032979767412238442,1.9301439415397743,0.4737459786205322,53.41497876898094
lower_layer_mean_temperature_k,50.3,5.0,source_name,high_latitude_continental_2020,ridge_regression,60,0.9133420144615296,0.6702530754348857,0.002459201243778845,1.9301439415397743,0.4731989126846727,53.468773586007124
lower_layer_mean_temperature_k,50.3,5.0,source_name,lower_latitude_maritime_2020,mean_baseline,100,0.440528023832331,0.33445630930890957,-6.8212102632969615e-15,0.43612274359400777,1.01010101010101,0.0
lower_layer_mean_temperature_k,50.3,5.0,source_name,lower_latitude_maritime_2020,linear_regression,100,0.3191442860984554,0.25151288736777133,0.00023348955999608734,0.43612274359400777,0.7317762964353698,27.55414665289837
lower_layer_mean_temperature_k,50.3,5.0,source_name,lower_latitude_maritime_2020,ridge_regression,100,0.319035872479864,0.25120359394024033,0.00024267712943810694,0.43612274359400777,0.7315277113290348,27.578756578425534
lower_layer_mean_temperature_k,50.3,5.0,source_name,winter_midlatitude_maritime_sample,mean_baseline,80,1.3913005148696294,1.1542713149187371,-7.105427357601002e-16,1.3739092584337618,1.0126582278480991,0.0
lower_layer_mean_temperature_k,50.3,5.0,source_name,winter_midlatitude_maritime_sample,linear_regression,80,1.0527676592448791,0.8548167522803183,0.002208948067030292,1.3739092584337618,0.7662570528457027,24.332116031486706
lower_layer_mean_temperature_k,50.3,5.0,source_name,winter_midlatitude_maritime_sample,ridge_regression,80,1.052341280296386,0.8545746764430404,0.0021913453734612176,1.3739092584337618,0.765946712882655,24.362762102837653
lower_layer_mean_temperature_k,50.3,5.0,source_name_pooled,all_sources_pooled,mean_baseline,240,1.2997317244650368,0.9461321785001513,-6.5133084111342514e-15,14.459286213124718,0.08988906542878086,0.0
lower_layer_mean_temperature_k,50.3,5.0,source_name_pooled,all_sources_pooled,linear_regression,240,0.787978165933796,0.5571692042848038,0.0016580975243144281,14.459286213124718,0.05449633919124907,39.3737837507872
lower_layer_mean_temperature_k,50.3,5.0,source_name_pooled,all_sources_pooled,ridge_regression,240,0.787463704277337,0.5570896584815017,0.0014463642393643284,14.459286213124718,0.05446075917375195,39.4133658927612
upper_layer_mean_temperature_k,50.3,5.0,global,all_era5,mean_baseline,240,6.697328834001193,6.314122417112401,-2.2500519965736505e-15,6.669423297192855,1.00418410041841,0.0
upper_layer_mean_temperature_k,50.3,5.0,global,all_era5,linear_regression,240,3.22930421554875,2.5556845729054887,0.0017099231132533532,6.669423297192855,0.48419542015093814,51.78220607663574
upper_layer_mean_temperature_k,50.3,5.0,global,all_era5,ridge_regression,240,3.278763958244711,2.690715078753067,0.0004670401367870151,6.669423297192855,0.49161131512296347,51.043706535671554
upper_layer_mean_temperature_k,50.3,5.0,source_name,high_latitude_continental_2020,mean_baseline,60,3.441336887472731,2.945238542287361,9.473903143468002e-16,3.3839812726815155,1.016949152542374,0.0
upper_layer_mean_temperature_k,50.3,5.0,source_name,high_latitude_continental_2020,linear_regression,60,3.23341822329254,2.709540186869238,-0.03289642970379939,3.3839812726815155,0.9555071268849938,6.041799189642361
upper_layer_mean_temperature_k,50.3,5.0,source_name,high_latitude_continental_2020,ridge_regression,60,3.223388141495495,2.701884603399285,-0.0298451826545976,3.3839812726815155,0.9525431383198039,6.333258065219383
upper_layer_mean_temperature_k,50.3,5.0,source_name,lower_latitude_maritime_2020,mean_baseline,100,0.32733466425554114,0.2681760367961877,7.105427357601002e-15,0.324061317612984,1.0101010101010155,0.0
upper_layer_mean_temperature_k,50.3,5.0,source_name,lower_latitude_maritime_2020,linear_regression,100,0.30995533982635287,0.25206344787546386,0.00011210239496591612,0.324061317612984,0.9564712694173593,5.309344327681931
upper_layer_mean_temperature_k,50.3,5.0,source_name,lower_latitude_maritime_2020,ridge_regression,100,0.3098559667257597,0.2519711956360803,0.00011058865650710459,0.324061317612984,0.9561646203506792,5.339702585283268
upper_layer_mean_temperature_k,50.3,5.0,source_name,winter_midlatitude_maritime_sample,mean_baseline,80,0.7218569347110927,0.5922586304225949,2.5224267119483555e-14,0.7128337230272038,1.0126582278481016,0.0
upper_layer_mean_temperature_k,50.3,5.0,source_name,winter_midlatitude_maritime_sample,linear_regression,80,0.695994273435232,0.5854248969124469,0.0033040810770536668,0.7128337230272038,0.9763767495167605,3.582795985219933
upper_layer_mean_temperature_k,50.3,5.0,source_name,winter_midlatitude_maritime_sample,ridge_regression,80,0.6955962075276341,0.5849678683299995,0.0032420539874227217,0.7128337230272038,0.9758183220816674,3.637940694435371
upper_layer_mean_temperature_k,50.3,5.0,source_name_pooled,all_sources_pooled,mean_baseline,240,1.7829855198542681,1.0454691943777834,1.1605531350748303e-14,6.669423297192855,0.2673372854598572,0.0
upper_layer_mean_temperature_k,50.3,5.0,source_name_pooled,all_sources_pooled,linear_regression,240,1.6778700262091657,0.977553115636235,-0.007076037735696161,6.669423297192855,0.25157647842136177,5.8954765742401545
upper_layer_mean_temperature_k,50.3,5.0,source_name_pooled,all_sources_pooled,ridge_regression,240,1.6729754747277485,0.9754484384748545,-0.0063345323942971985,6.669423297192855,0.2508425991542477,6.169990945047676
lower_layer_mean_temperature_k,52.8,1.0,global,all_era5,mean_baseline,240,14.51978531861896,11.904808138337925,-3.647452710235181e-14,14.459286213124718,1.0041841004184098,0.0
lower_layer_mean_temperature_k,52.8,1.0,global,all_era5,linear_regression,240,1.3579228821532878,1.0671540520145641,-0.0004172936135218445,14.459286213124718,0.09391354885282642,90.6477757600727
lower_layer_mean_temperature_k,52.8,1.0,global,all_era5,ridge_regression,240,1.4128312631705795,1.1125054460416086,-7.529353683691417e-05,14.459286213124718,0.09771099640369178,90.26961327479903
lower_layer_mean_temperature_k,52.8,1.0,source_name,high_latitude_continental_2020,mean_baseline,60,1.9628582456336663,1.6880731119274397,-1.3737159558028604e-14,1.9301439415397743,1.0169491525423715,0.0
lower_layer_mean_temperature_k,52.8,1.0,source_name,high_latitude_continental_2020,linear_regression,60,0.9138110705018695,0.6781272748199954,0.0016885720206938496,1.9301439415397743,0.4734419287780557,53.44487700349113
lower_layer_mean_temperature_k,52.8,1.0,source_name,high_latitude_continental_2020,ridge_regression,60,0.9117330337340068,0.681020598488053,0.0010839950593468947,1.9301439415397743,0.47236530608523986,53.55074490161802
lower_layer_mean_temperature_k,52.8,1.0,source_name,lower_latitude_maritime_2020,mean_baseline,100,0.440528023832331,0.33445630930890957,-6.8212102632969615e-15,0.43612274359400777,1.01010101010101,0.0
lower_layer_mean_temperature_k,52.8,1.0,source_name,lower_latitude_maritime_2020,linear_regression,100,0.21956891776414822,0.1766306708496762,0.0006778649975063899,0.43612274359400777,0.5034567010991469,50.15778659118445
lower_layer_mean_temperature_k,52.8,1.0,source_name,lower_latitude_maritime_2020,ridge_regression,100,0.21950123457823284,0.17652293077782133,0.0006778750666683209,0.43612274359400777,0.5033015081244406,50.173150695680356
lower_layer_mean_temperature_k,52.8,1.0,source_name,winter_midlatitude_maritime_sample,mean_baseline,80,1.3913005148696294,1.1542713149187371,-7.105427357601002e-16,1.3739092584337618,1.0126582278480991,0.0
lower_layer_mean_temperature_k,52.8,1.0,source_name,winter_midlatitude_maritime_sample,linear_regression,80,1.0498487730535797,0.849154623412398,0.0034147628222065407,1.3739092584337618,0.7641325412206577,24.541911554459904
lower_layer_mean_temperature_k,52.8,1.0,source_name,winter_midlatitude_maritime_sample,ridge_regression,80,1.0493921062936291,0.8491350301879834,0.0033759859782009015,1.3739092584337618,0.7638001562708167,24.574734568256694
lower_layer_mean_temperature_k,52.8,1.0,source_name_pooled,all_sources_pooled,mean_baseline,240,1.2997317244650368,0.9461321785001513,-6.5133084111342514e-15,14.459286213124718,0.08988906542878086,0.0
lower_layer_mean_temperature_k,52.8,1.0,source_name_pooled,all_sources_pooled,linear_regression,240,0.7721687181290294,0.5261794726964966,0.0018428410282033052,14.459286213124718,0.05340296241097507,40.59014613597661
lower_layer_mean_temperature_k,52.8,1.0,source_name_pooled,all_sources_pooled,ridge_regression,240,0.7713392306738222,0.5268513808420999,0.001678775368682158,14.459286213124718,0.053345595301493944,40.65396603354422
upper_layer_mean_temperature_k,52.8,1.0,global,all_era5,mean_baseline,240,6.697328834001193,6.314122417112401,-2.2500519965736505e-15,6.669423297192855,1.00418410041841,0.0
upper_layer_mean_temperature_k,52.8,1.0,global,all_era5,linear_regression,240,3.20031818434828,2.5508266082721263,0.003476032871706754,6.669423297192855,0.4798493125627948,52.21500595728834
upper_layer_mean_temperature_k,52.8,1.0,global,all_era5,ridge_regression,240,3.279741745816866,2.691042516635746,0.001169140141982794,6.669423297192855,0.49175792263737433,51.029106870694804
upper_layer_mean_temperature_k,52.8,1.0,source_name,high_latitude_continental_2020,mean_baseline,60,3.441336887472731,2.945238542287361,9.473903143468002e-16,3.3839812726815155,1.016949152542374,0.0
upper_layer_mean_temperature_k,52.8,1.0,source_name,high_latitude_continental_2020,linear_regression,60,3.1708043530377465,2.568603898769966,0.004494171011735659,3.3839812726815155,0.9370041077458905,7.8612627383208515
upper_layer_mean_temperature_k,52.8,1.0,source_name,high_latitude_continental_2020,ridge_regression,60,3.145534136927285,2.5797906322725366,0.0009442080795461531,3.3839812726815155,0.9295365084673529,8.595576667377058
upper_layer_mean_temperature_k,52.8,1.0,source_name,lower_latitude_maritime_2020,mean_baseline,100,0.32733466425554114,0.2681760367961877,7.105427357601002e-15,0.324061317612984,1.0101010101010155,0.0
upper_layer_mean_temperature_k,52.8,1.0,source_name,lower_latitude_maritime_2020,linear_regression,100,0.30143592740474906,0.2490023720245,0.0005939602054502302,0.324061317612984,0.930181761973653,7.912005564608837
upper_layer_mean_temperature_k,52.8,1.0,source_name,lower_latitude_maritime_2020,ridge_regression,100,0.3013134762042156,0.24890013380980774,0.0005854758615410561,0.324061317612984,0.9298038976810696,7.949414129574583
upper_layer_mean_temperature_k,52.8,1.0,source_name,winter_midlatitude_maritime_sample,mean_baseline,80,0.7218569347110927,0.5922586304225949,2.5224267119483555e-14,0.7128337230272038,1.0126582278481016,0.0
upper_layer_mean_temperature_k,52.8,1.0,source_name,winter_midlatitude_maritime_sample,linear_regression,80,0.6974385971951089,0.5700286911723073,-0.0018202236809582218,0.7128337230272038,0.9784029215583178,3.382711496116153
upper_layer_mean_temperature_k,52.8,1.0,source_name,winter_midlatitude_maritime_sample,ridge_regression,80,0.696934161611601,0.5699104937065563,-0.001786651755539026,0.7128337230272038,0.9776952732425708,3.452591767296165
upper_layer_mean_temperature_k,52.8,1.0,source_name_pooled,all_sources_pooled,mean_baseline,240,1.7829855198542681,1.0454691943777834,1.1605531350748303e-14,6.669423297192855,0.2673372854598572,0.0
upper_layer_mean_temperature_k,52.8,1.0,source_name_pooled,all_sources_pooled,linear_regression,240,1.6472705003229609,0.9359115267601356,0.0007642849448854368,6.669423297192855,0.24698844666469036,7.611672558193283
upper_layer_mean_temperature_k,52.8,1.0,source_name_pooled,all_sources_pooled,ridge_regression,240,1.6350324404763616,0.9386262117244062,-0.00011555028965103039,6.669423297192855,0.24515349642967527,8.29805277330572
lower_layer_mean_temperature_k,52.8,2.0,global,all_era5,mean_baseline,240,14.51978531861896,11.904808138337925,-3.647452710235181e-14,14.459286213124718,1.0041841004184098,0.0
lower_layer_mean_temperature_k,52.8,2.0,global,all_era5,linear_regression,240,1.5331413798493008,1.1854314579073757,-0.0007949673994853394,14.459286213124718,0.10603160883956124,89.44101895306036
lower_layer_mean_temperature_k,52.8,2.0,global,all_era5,ridge_regression,240,1.5596593528081553,1.230334906316574,0.000275190958618173,14.459286213124718,0.10786558408342799,89.2583855850253
lower_layer_mean_temperature_k,52.8,2.0,source_name,high_latitude_continental_2020,mean_baseline,60,1.9628582456336663,1.6880731119274397,-1.3737159558028604e-14,1.9301439415397743,1.0169491525423715,0.0
lower_layer_mean_temperature_k,52.8,2.0,source_name,high_latitude_continental_2020,linear_regression,60,0.9854789885442276,0.7627678456230238,0.0028462043236136955,1.9301439415397743,0.5105727958082031,49.793675078859955
lower_layer_mean_temperature_k,52.8,2.0,source_name,high_latitude_continental_2020,ridge_regression,60,0.9832782209448466,0.7577792348619118,0.0023191253018509882,1.9301439415397743,0.5094325867533152,49.90579563592396
lower_layer_mean_temperature_k,52.8,2.0,source_name,lower_latitude_maritime_2020,mean_baseline,100,0.440528023832331,0.33445630930890957,-6.8212102632969615e-15,0.43612274359400777,1.01010101010101,0.0
lower_layer_mean_temperature_k,52.8,2.0,source_name,lower_latitude_maritime_2020,linear_regression,100,0.23001935930849188,0.18766170424052575,0.0006098190352929577,0.43612274359400777,0.5274188578493852,47.785533072910845
lower_layer_mean_temperature_k,52.8,2.0,source_name,lower_latitude_maritime_2020,ridge_regression,100,0.22996830360855983,0.18777633614582953,0.0006077586478585317,0.43612274359400777,0.5273017905771964,47.797122732857545
lower_layer_mean_temperature_k,52.8,2.0,source_name,winter_midlatitude_maritime_sample,mean_baseline,80,1.3913005148696294,1.1542713149187371,-7.105427357601002e-16,1.3739092584337618,1.0126582278480991,0.0
lower_layer_mean_temperature_k,52.8,2.0,source_name,winter_midlatitude_maritime_sample,linear_regression,80,1.2075521916617797,0.9706310652178509,0.0025193998734870603,1.3739092584337618,0.8789169912417456,13.206947114877455
lower_layer_mean_temperature_k,52.8,2.0,source_name,winter_midlatitude_maritime_sample,ridge_regression,80,1.2069128294685232,0.969920195992976,0.002496324861208876,1.3739092584337618,0.8784516314013254,13.252901399118944
lower_layer_mean_temperature_k,52.8,2.0,source_name_pooled,all_sources_pooled,mean_baseline,240,1.2997317244650368,0.9461321785001513,-6.5133084111342514e-15,14.459286213124718,0.08988906542878086,0.0
lower_layer_mean_temperature_k,52.8,2.0,source_name_pooled,all_sources_pooled,linear_regression,240,0.8665439121984614,0.592428026578592,0.001805442303437843,14.459286213124718,0.05992992319440347,33.32901737432572
lower_layer_mean_temperature_k,52.8,2.0,source_name_pooled,all_sources_pooled,ridge_regression,240,0.8656158498635161,0.5909916807738989,0.0016651223824734273,14.459286213124718,0.059865738675107985,33.40042152007952
upper_layer_mean_temperature_k,52.8,2.0,global,all_era5,mean_baseline,240,6.697328834001193,6.314122417112401,-2.2500519965736505e-15,6.669423297192855,1.00418410041841,0.0
upper_layer_mean_temperature_k,52.8,2.0,global,all_era5,linear_regression,240,3.330384950899186,2.648755759843633,0.004426277491437366,6.669423297192855,0.49935126359440063,50.2729366670576
upper_layer_mean_temperature_k,52.8,2.0,global,all_era5,ridge_regression,240,3.347454443243063,2.7473868143548748,0.0013362015111991828,6.669423297192855,0.5019106291621944,50.01806651259814
upper_layer_mean_temperature_k,52.8,2.0,source_name,high_latitude_continental_2020,mean_baseline,60,3.441336887472731,2.945238542287361,9.473903143468002e-16,3.3839812726815155,1.016949152542374,0.0
upper_layer_mean_temperature_k,52.8,2.0,source_name,high_latitude_continental_2020,linear_regression,60,3.190790554250906,2.629461585932984,0.01514407195534962,3.3839812726815155,0.9429102282597673,7.280494221122968
upper_layer_mean_temperature_k,52.8,2.0,source_name,high_latitude_continental_2020,ridge_regression,60,3.1765634631946766,2.6267641969854165,0.012335969498987253,3.3839812726815155,0.9387059818677785,7.693911783001872
upper_layer_mean_temperature_k,52.8,2.0,source_name,lower_latitude_maritime_2020,mean_baseline,100,0.32733466425554114,0.2681760367961877,7.105427357601002e-15,0.324061317612984,1.0101010101010155,0.0
upper_layer_mean_temperature_k,52.8,2.0,source_name,lower_latitude_maritime_2020,linear_regression,100,0.30133428735165396,0.25028627399289916,0.0006937064624810319,0.324061317612984,0.9298681174638924,7.943056371075141
upper_layer_mean_temperature_k,52.8,2.0,source_name,lower_latitude_maritime_2020,ridge_regression,100,0.3012222241962939,0.25021362242903394,0.0006853937034210844,0.324061317612984,0.9295223089725072,7.977291411722276
upper_layer_mean_temperature_k,52.8,2.0,source_name,winter_midlatitude_maritime_sample,mean_baseline,80,0.7218569347110927,0.5922586304225949,2.5224267119483555e-14,0.7128337230272038,1.0126582278481016,0.0
upper_layer_mean_temperature_k,52.8,2.0,source_name,winter_midlatitude_maritime_sample,linear_regression,80,0.7109636668961938,0.5822817429922594,-0.0010886372888180063,0.7128337230272038,0.9973765885779529,1.509061877927187
upper_layer_mean_temperature_k,52.8,2.0,source_name,winter_midlatitude_maritime_sample,ridge_regression,80,0.7105147294101999,0.5820849878976226,-0.0010628142590249467,0.7128337230272038,0.996746795862637,1.5712539085646182
upper_layer_mean_temperature_k,52.8,2.0,source_name_pooled,all_sources_pooled,mean_baseline,240,1.7829855198542681,1.0454691943777834,1.1605531350748303e-14,6.669423297192855,0.2673372854598572,0.0
upper_layer_mean_temperature_k,52.8,2.0,source_name_pooled,all_sources_pooled,linear_regression,240,1.6587978124117724,0.9557452583110404,0.003712183251931833,6.669423297192855,0.24871682880136825,6.9651551321990635
upper_layer_mean_temperature_k,52.8,2.0,source_name_pooled,all_sources_pooled,ridge_regression,240,1.651884408074969,0.9549750545576591,0.0030153016648306165,6.669423297192855,0.24768024677189757,7.352898288821475
lower_layer_mean_temperature_k,52.8,3.0,global,all_era5,mean_baseline,240,14.51978531861896,11.904808138337925,-3.647452710235181e-14,14.459286213124718,1.0041841004184098,0.0
lower_layer_mean_temperature_k,52.8,3.0,global,all_era5,linear_regression,240,1.5782129064726185,1.2108101236597621,-0.0008811307425889462,14.459286213124718,0.10914874242132865,89.13060440054268
lower_layer_mean_temperature_k,52.8,3.0,global,all_era5,ridge_regression,240,1.62345419204344,1.281122555250811,0.0004518450452083063,14.459286213124718,0.11227761648219038,88.81902069198188
lower_layer_mean_temperature_k,52.8,3.0,source_name,high_latitude_continental_2020,mean_baseline,60,1.9628582456336663,1.6880731119274397,-1.3737159558028604e-14,1.9301439415397743,1.0169491525423715,0.0
lower_layer_mean_temperature_k,52.8,3.0,source_name,high_latitude_continental_2020,linear_regression,60,1.0039911706252211,0.7998021240037464,0.002616544529773061,1.9301439415397743,0.5201638846812048,48.850551339681466
lower_layer_mean_temperature_k,52.8,3.0,source_name,high_latitude_continental_2020,ridge_regression,60,1.0023025664493599,0.7953093593563836,0.0022681138016423575,1.9301439415397743,0.5192890254857221,48.9365791605706
lower_layer_mean_temperature_k,52.8,3.0,source_name,lower_latitude_maritime_2020,mean_baseline,100,0.440528023832331,0.33445630930890957,-6.8212102632969615e-15,0.43612274359400777,1.01010101010101,0.0
lower_layer_mean_temperature_k,52.8,3.0,source_name,lower_latitude_maritime_2020,linear_regression,100,0.23265894396741435,0.190863251038881,0.0006004626288728332,0.43612274359400777,0.5334712472230055,47.18634652492244
lower_layer_mean_temperature_k,52.8,3.0,source_name,lower_latitude_maritime_2020,ridge_regression,100,0.23261235011863826,0.19113707925823634,0.0005979819177139234,0.43612274359400777,0.5333644106742116,47.19692334325304
lower_layer_mean_temperature_k,52.8,3.0,source_name,winter_midlatitude_maritime_sample,mean_baseline,80,1.3913005148696294,1.1542713149187371,-7.105427357601002e-16,1.3739092584337618,1.0126582278480991,0.0
lower_layer_mean_temperature_k,52.8,3.0,source_name,winter_midlatitude_maritime_sample,linear_regression,80,1.2444749693168224,1.0020520355008493,0.002516180208488805,1.3739092584337618,0.9057912388882999,10.553115159780202
lower_layer_mean_temperature_k,52.8,3.0,source_name,winter_midlatitude_maritime_sample,ridge_regression,80,1.2438101054243906,1.0015912564005554,0.0024997906726348163,1.3739092584337618,0.9053073176334204,10.600902383699552
lower_layer_mean_temperature_k,52.8,3.0,source_name_pooled,all_sources_pooled,mean_baseline,240,1.2997317244650368,0.9461321785001513,-6.5133084111342514e-15,14.459286213124718,0.08988906542878086,0.0
lower_layer_mean_temperature_k,52.8,3.0,source_name_pooled,all_sources_pooled,linear_regression,240,0.8892654988877428,0.6134942307674202,0.0017430556306365474,14.459286213124718,0.06150134147566392,31.58084225006048
lower_layer_mean_temperature_k,52.8,3.0,source_name_pooled,all_sources_pooled,ridge_regression,240,0.8884737918051211,0.6123315416635461,0.0016494511403363295,14.459286213124718,0.06144658724568658,31.641755365261048
upper_layer_mean_temperature_k,52.8,3.0,global,all_era5,mean_baseline,240,6.697328834001193,6.314122417112401,-2.2500519965736505e-15,6.669423297192855,1.00418410041841,0.0
upper_layer_mean_temperature_k,52.8,3.0,global,all_era5,linear_regression,240,3.36521248951881,2.6779679763564843,0.0047014090577476965,6.669423297192855,0.5045732351304227,49.75291533492873
upper_layer_mean_temperature_k,52.8,3.0,global,all_era5,ridge_regression,240,3.383397670378773,2.7786200569366306,0.001558192547356422,6.669423297192855,0.5072998848045583,49.48138647154606
upper_layer_mean_temperature_k,52.8,3.0,source_name,high_latitude_continental_2020,mean_baseline,60,3.441336887472731,2.945238542287361,9.473903143468002e-16,3.3839812726815155,1.016949152542374,0.0
upper_layer_mean_temperature_k,52.8,3.0,source_name,high_latitude_continental_2020,linear_regression,60,3.1923764674130073,2.6471193148014844,0.019376863718946424,3.3839812726815155,0.9433788813149436,7.234410004030634
upper_layer_mean_temperature_k,52.8,3.0,source_name,high_latitude_continental_2020,ridge_regression,60,3.18302848745544,2.642949130690101,0.01733525650706819,3.3839812726815155,0.9406164606026801,7.506048040736546
upper_layer_mean_temperature_k,52.8,3.0,source_name,lower_latitude_maritime_2020,mean_baseline,100,0.32733466425554114,0.2681760367961877,7.105427357601002e-15,0.324061317612984,1.0101010101010155,0.0
upper_layer_mean_temperature_k,52.8,3.0,source_name,lower_latitude_maritime_2020,linear_regression,100,0.3011245778459786,0.25048982449328605,0.000720013634943939,0.324061317612984,0.9292209883735707,8.007122151016988
upper_layer_mean_temperature_k,52.8,3.0,source_name,lower_latitude_maritime_2020,ridge_regression,100,0.30101475726811705,0.2504332245780384,0.0007117337999059714,0.324061317612984,0.9288821001080088,8.040672089307622
upper_layer_mean_temperature_k,52.8,3.0,source_name,winter_midlatitude_maritime_sample,mean_baseline,80,0.7218569347110927,0.5922586304225949,2.5224267119483555e-14,0.7128337230272038,1.0126582278481016,0.0
upper_layer_mean_temperature_k,52.8,3.0,source_name,winter_midlatitude_maritime_sample,linear_regression,80,0.7158828262065615,0.5877895465004379,-0.0007655828023210631,0.7128337230272038,1.004277439577927,0.827602841679731
upper_layer_mean_temperature_k,52.8,3.0,source_name,winter_midlatitude_maritime_sample,ridge_regression,80,0.7154531523126278,0.5876307568707706,-0.0007414001392721303,0.7128337230272038,1.0036746708254767,0.8871262559842052
upper_layer_mean_temperature_k,52.8,3.0,source_name_pooled,all_sources_pooled,mean_baseline,240,1.7829855198542681,1.0454691943777834,1.1605531350748303e-14,6.669423297192855,0.2673372854598572,0.0
upper_layer_mean_temperature_k,52.8,3.0,source_name_pooled,all_sources_pooled,linear_regression,240,1.6602493655427597,0.9620804377393862,0.004889027343522893,6.669423297192855,0.24893447177682587,6.883743751409732
upper_layer_mean_temperature_k,52.8,3.0,source_name_pooled,all_sources_pooled,ridge_regression,240,1.6556859940052249,0.9609613785369648,0.004383236496970492,6.669423297192855,0.2482502489686176,7.139683661561536
lower_layer_mean_temperature_k,52.8,5.0,global,all_era5,mean_baseline,240,14.51978531861896,11.904808138337925,-3.647452710235181e-14,14.459286213124718,1.0041841004184098,0.0
lower_layer_mean_temperature_k,52.8,5.0,global,all_era5,linear_regression,240,1.6017564779860285,1.216767535765711,-0.0009208470763854374,14.459286213124718,0.11077700893230202,88.96845619382492
lower_layer_mean_temperature_k,52.8,5.0,global,all_era5,ridge_regression,240,1.6549041198610077,1.3033817266664145,0.0005375525259771289,14.459286213124718,0.11445268427972942,88.60242019047693
lower_layer_mean_temperature_k,52.8,5.0,source_name,high_latitude_continental_2020,mean_baseline,60,1.9628582456336663,1.6880731119274397,-1.3737159558028604e-14,1.9301439415397743,1.0169491525423715,0.0
lower_layer_mean_temperature_k,52.8,5.0,source_name,high_latitude_continental_2020,linear_regression,60,1.0140880895909359,0.829288921910171,0.0020903373272896414,1.9301439415397743,0.5253950587653821,48.33615255473737
lower_layer_mean_temperature_k,52.8,5.0,source_name,high_latitude_continental_2020,ridge_regression,60,1.0127780728435711,0.8255000846841388,0.0018678966903394212,1.9301439415397743,0.5247163442305895,48.402892817325295
lower_layer_mean_temperature_k,52.8,5.0,source_name,lower_latitude_maritime_2020,mean_baseline,100,0.440528023832331,0.33445630930890957,-6.8212102632969615e-15,0.43612274359400777,1.01010101010101,0.0
lower_layer_mean_temperature_k,52.8,5.0,source_name,lower_latitude_maritime_2020,linear_regression,100,0.23437324947027868,0.1929112618149179,0.0006002315608020581,0.43612274359400777,0.5374020339752328,46.797198636451945
lower_layer_mean_temperature_k,52.8,5.0,source_name,lower_latitude_maritime_2020,ridge_regression,100,0.23432956533935245,0.19323688219574706,0.0005977342394794505,0.43612274359400777,0.5373018692129774,46.80711494791522
lower_layer_mean_temperature_k,52.8,5.0,source_name,winter_midlatitude_maritime_sample,mean_baseline,80,1.3913005148696294,1.1542713149187371,-7.105427357601002e-16,1.3739092584337618,1.0126582278480991,0.0
lower_layer_mean_temperature_k,52.8,5.0,source_name,winter_midlatitude_maritime_sample,linear_regression,80,1.2619672510889313,1.016389450191759,0.002760354496977158,1.3739092584337618,0.9185229980381362,9.295853943733867
lower_layer_mean_temperature_k,52.8,5.0,source_name,winter_midlatitude_maritime_sample,ridge_regression,80,1.2613068734462627,1.016017722053069,0.0027476507418661813,1.3739092584337618,0.9180423421006244,9.343318717563154
lower_layer_mean_temperature_k,52.8,5.0,source_name_pooled,all_sources_pooled,mean_baseline,240,1.2997317244650368,0.9461321785001513,-6.5133084111342514e-15,14.459286213124718,0.08988906542878086,0.0
lower_layer_mean_temperature_k,52.8,5.0,source_name_pooled,all_sources_pooled,linear_regression,240,0.9004639282045434,0.6264984062976782,0.001692798981148987,14.459286213124718,0.06227582156767813,30.719246806476942
lower_layer_mean_temperature_k,52.8,5.0,source_name_pooled,all_sources_pooled,ridge_regression,240,0.8997819234157987,0.6255629627702857,0.0016319136863233534,14.459286213124718,0.06222865431621826,30.77171954188127
upper_layer_mean_temperature_k,52.8,5.0,global,all_era5,mean_baseline,240,6.697328834001193,6.314122417112401,-2.2500519965736505e-15,6.669423297192855,1.00418410041841,0.0
upper_layer_mean_temperature_k,52.8,5.0,global,all_era5,linear_regression,240,3.383570685958957,2.691167204094258,0.004866458010777208,6.669423297192855,0.5073258264148707,49.47880311951912
upper_layer_mean_temperature_k,52.8,5.0,global,all_era5,ridge_regression,240,3.408038937929805,2.8019359779671196,0.0018697994622982606,6.669423297192855,0.5109945472143357,49.11345967323907
upper_layer_mean_temperature_k,52.8,5.0,source_name,high_latitude_continental_2020,mean_baseline,60,3.441336887472731,2.945238542287361,9.473903143468002e-16,3.3839812726815155,1.016949152542374,0.0
upper_layer_mean_temperature_k,52.8,5.0,source_name,high_latitude_continental_2020,linear_regression,60,3.1911335011906634,2.6581150138648013,0.02274783160466427,3.3839812726815155,0.943011572478935,7.270528706238155
upper_layer_mean_temperature_k,52.8,5.0,source_name,high_latitude_continental_2020,ridge_regression,60,3.185077845668977,2.6535792026430354,0.02133710084360937,3.3839812726815155,0.9412220662631136,7.446496817460591
upper_layer_mean_temperature_k,52.8,5.0,source_name,lower_latitude_maritime_2020,mean_baseline,100,0.32733466425554114,0.2681760367961877,7.105427357601002e-15,0.324061317612984,1.0101010101010155,0.0
upper_layer_mean_temperature_k,52.8,5.0,source_name,lower_latitude_maritime_2020,linear_regression,100,0.30088791293513023,0.25048848937889884,0.0007372501008393328,0.324061317612984,0.928490679330234,8.07942274630733
upper_layer_mean_temperature_k,52.8,5.0,source_name,lower_latitude_maritime_2020,ridge_regression,100,0.30077930877820686,0.25044166989738786,0.000728885764873155,0.324061317612984,0.9281555447398936,8.112601070751024
upper_layer_mean_temperature_k,52.8,5.0,source_name,winter_midlatitude_maritime_sample,mean_baseline,80,0.7218569347110927,0.5922586304225949,2.5224267119483555e-14,0.7128337230272038,1.0126582278481016,0.0
upper_layer_mean_temperature_k,52.8,5.0,source_name,winter_midlatitude_maritime_sample,linear_regression,80,0.7195085325175444,0.5929195964439586,-0.00048063132720344015,0.7128337230272038,1.0093637678391456,0.32532792588438886
upper_layer_mean_temperature_k,52.8,5.0,source_name,winter_midlatitude_maritime_sample,ridge_regression,80,0.719090908970722,0.5926612550811153,-0.00045784183024615287,0.7128337230272038,1.0087779039366231,0.3831819862584962
upper_layer_mean_temperature_k,52.8,5.0,source_name_pooled,all_sources_pooled,mean_baseline,240,1.7829855198542681,1.0454691943777834,1.1605531350748303e-14,6.669423297192855,0.2673372854598572,0.0
upper_layer_mean_temperature_k,52.8,5.0,source_name_pooled,all_sources_pooled,linear_regression,240,1.6601565403468894,0.9665388228553944,0.005833935000781309,6.669423297192855,0.24892055375247293,6.888949917967824
upper_layer_mean_temperature_k,52.8,5.0,source_name_pooled,all_sources_pooled,ridge_regression,240,1.6571780872243038,0.9652992481450422,0.00548536366951744,6.669423297192855,0.24847397044386224,7.05599856134822
lower_layer_mean_temperature_k,54.4,1.0,global,all_era5,mean_baseline,240,14.51978531861896,11.904808138337925,-3.647452710235181e-14,14.459286213124718,1.0041841004184098,0.0
lower_layer_mean_temperature_k,54.4,1.0,global,all_era5,linear_regression,240,1.3579228821532878,1.0671540520145641,-0.0004172936135218445,14.459286213124718,0.09391354885282642,90.6477757600727
lower_layer_mean_temperature_k,54.4,1.0,global,all_era5,ridge_regression,240,1.4128312631705795,1.1125054460416086,-7.529353683691417e-05,14.459286213124718,0.09771099640369178,90.26961327479903
lower_layer_mean_temperature_k,54.4,1.0,source_name,high_latitude_continental_2020,mean_baseline,60,1.9628582456336663,1.6880731119274397,-1.3737159558028604e-14,1.9301439415397743,1.0169491525423715,0.0
lower_layer_mean_temperature_k,54.4,1.0,source_name,high_latitude_continental_2020,linear_regression,60,0.9138110705018695,0.6781272748199954,0.0016885720206938496,1.9301439415397743,0.4734419287780557,53.44487700349113
lower_layer_mean_temperature_k,54.4,1.0,source_name,high_latitude_continental_2020,ridge_regression,60,0.9117330337340068,0.681020598488053,0.0010839950593468947,1.9301439415397743,0.47236530608523986,53.55074490161802
lower_layer_mean_temperature_k,54.4,1.0,source_name,lower_latitude_maritime_2020,mean_baseline,100,0.440528023832331,0.33445630930890957,-6.8212102632969615e-15,0.43612274359400777,1.01010101010101,0.0
lower_layer_mean_temperature_k,54.4,1.0,source_name,lower_latitude_maritime_2020,linear_regression,100,0.21956891776414822,0.1766306708496762,0.0006778649975063899,0.43612274359400777,0.5034567010991469,50.15778659118445
lower_layer_mean_temperature_k,54.4,1.0,source_name,lower_latitude_maritime_2020,ridge_regression,100,0.21950123457823284,0.17652293077782133,0.0006778750666683209,0.43612274359400777,0.5033015081244406,50.173150695680356
lower_layer_mean_temperature_k,54.4,1.0,source_name,winter_midlatitude_maritime_sample,mean_baseline,80,1.3913005148696294,1.1542713149187371,-7.105427357601002e-16,1.3739092584337618,1.0126582278480991,0.0
lower_layer_mean_temperature_k,54.4,1.0,source_name,winter_midlatitude_maritime_sample,linear_regression,80,1.0498487730535797,0.849154623412398,0.0034147628222065407,1.3739092584337618,0.7641325412206577,24.541911554459904
lower_layer_mean_temperature_k,54.4,1.0,source_name,winter_midlatitude_maritime_sample,ridge_regression,80,1.0493921062936291,0.8491350301879834,0.0033759859782009015,1.3739092584337618,0.7638001562708167,24.574734568256694
lower_layer_mean_temperature_k,54.4,1.0,source_name_pooled,all_sources_pooled,mean_baseline,240,1.2997317244650368,0.9461321785001513,-6.5133084111342514e-15,14.459286213124718,0.08988906542878086,0.0
lower_layer_mean_temperature_k,54.4,1.0,source_name_pooled,all_sources_pooled,linear_regression,240,0.7721687181290294,0.5261794726964966,0.0018428410282033052,14.459286213124718,0.05340296241097507,40.59014613597661
lower_layer_mean_temperature_k,54.4,1.0,source_name_pooled,all_sources_pooled,ridge_regression,240,0.7713392306738222,0.5268513808420999,0.001678775368682158,14.459286213124718,0.053345595301493944,40.65396603354422
upper_layer_mean_temperature_k,54.4,1.0,global,all_era5,mean_baseline,240,6.697328834001193,6.314122417112401,-2.2500519965736505e-15,6.669423297192855,1.00418410041841,0.0
upper_layer_mean_temperature_k,54.4,1.0,global,all_era5,linear_regression,240,3.20031818434828,2.5508266082721263,0.003476032871706754,6.669423297192855,0.4798493125627948,52.21500595728834
upper_layer_mean_temperature_k,54.4,1.0,global,all_era5,ridge_regression,240,3.279741745816866,2.691042516635746,0.001169140141982794,6.669423297192855,0.49175792263737433,51.029106870694804
upper_layer_mean_temperature_k,54.4,1.0,source_name,high_latitude_continental_2020,mean_baseline,60,3.441336887472731,2.945238542287361,9.473903143468002e-16,3.3839812726815155,1.016949152542374,0.0
upper_layer_mean_temperature_k,54.4,1.0,source_name,high_latitude_continental_2020,linear_regression,60,3.1708043530377465,2.568603898769966,0.004494171011735659,3.3839812726815155,0.9370041077458905,7.8612627383208515
upper_layer_mean_temperature_k,54.4,1.0,source_name,high_latitude_continental_2020,ridge_regression,60,3.145534136927285,2.5797906322725366,0.0009442080795461531,3.3839812726815155,0.9295365084673529,8.595576667377058
upper_layer_mean_temperature_k,54.4,1.0,source_name,lower_latitude_maritime_2020,mean_baseline,100,0.32733466425554114,0.2681760367961877,7.105427357601002e-15,0.324061317612984,1.0101010101010155,0.0
upper_layer_mean_temperature_k,54.4,1.0,source_name,lower_latitude_maritime_2020,linear_regression,100,0.30143592740474906,0.2490023720245,0.0005939602054502302,0.324061317612984,0.930181761973653,7.912005564608837
upper_layer_mean_temperature_k,54.4,1.0,source_name,lower_latitude_maritime_2020,ridge_regression,100,0.3013134762042156,0.24890013380980774,0.0005854758615410561,0.324061317612984,0.9298038976810696,7.949414129574583
upper_layer_mean_temperature_k,54.4,1.0,source_name,winter_midlatitude_maritime_sample,mean_baseline,80,0.7218569347110927,0.5922586304225949,2.5224267119483555e-14,0.7128337230272038,1.0126582278481016,0.0
upper_layer_mean_temperature_k,54.4,1.0,source_name,winter_midlatitude_maritime_sample,linear_regression,80,0.6974385971951089,0.5700286911723073,-0.0018202236809582218,0.7128337230272038,0.9784029215583178,3.382711496116153
upper_layer_mean_temperature_k,54.4,1.0,source_name,winter_midlatitude_maritime_sample,ridge_regression,80,0.696934161611601,0.5699104937065563,-0.001786651755539026,0.7128337230272038,0.9776952732425708,3.452591767296165
upper_layer_mean_temperature_k,54.4,1.0,source_name_pooled,all_sources_pooled,mean_baseline,240,1.7829855198542681,1.0454691943777834,1.1605531350748303e-14,6.669423297192855,0.2673372854598572,0.0
upper_layer_mean_temperature_k,54.4,1.0,source_name_pooled,all_sources_pooled,linear_regression,240,1.6472705003229609,0.9359115267601356,0.0007642849448854368,6.669423297192855,0.24698844666469036,7.611672558193283
upper_layer_mean_temperature_k,54.4,1.0,source_name_pooled,all_sources_pooled,ridge_regression,240,1.6350324404763616,0.9386262117244062,-0.00011555028965103039,6.669423297192855,0.24515349642967527,8.29805277330572
lower_layer_mean_temperature_k,54.4,2.0,global,all_era5,mean_baseline,240,14.51978531861896,11.904808138337925,-3.647452710235181e-14,14.459286213124718,1.0041841004184098,0.0
lower_layer_mean_temperature_k,54.4,2.0,global,all_era5,linear_regression,240,1.4748801725903287,1.1877721449945937,0.001346599339066401,14.459286213124718,0.10200228080771909,89.84227286956464
lower_layer_mean_temperature_k,54.4,2.0,global,all_era5,ridge_regression,240,1.5011869004436464,1.2025384669018309,0.001352727053101906,14.459286213124718,0.10382164640195148,89.661094379139
lower_layer_mean_temperature_k,54.4,2.0,source_name,high_latitude_continental_2020,mean_baseline,60,1.9628582456336663,1.6880731119274397,-1.3737159558028604e-14,1.9301439415397743,1.0169491525423715,0.0
lower_layer_mean_temperature_k,54.4,2.0,source_name,high_latitude_continental_2020,linear_regression,60,0.9216513759416896,0.691603280366435,0.0009555657198456895,1.9301439415397743,0.477503960252022,53.04544390855111
lower_layer_mean_temperature_k,54.4,2.0,source_name,high_latitude_continental_2020,ridge_regression,60,0.9203561062859968,0.6942527173402766,0.0007178465306168392,1.9301439415397743,0.4768328861275402,53.11143286412515
lower_layer_mean_temperature_k,54.4,2.0,source_name,lower_latitude_maritime_2020,mean_baseline,100,0.440528023832331,0.33445630930890957,-6.8212102632969615e-15,0.43612274359400777,1.01010101010101,0.0
lower_layer_mean_temperature_k,54.4,2.0,source_name,lower_latitude_maritime_2020,linear_regression,100,0.22629833640397656,0.18051216915861745,0.000791411261748749,0.43612274359400777,0.518886803607382,48.63020644286916
lower_layer_mean_temperature_k,54.4,2.0,source_name,lower_latitude_maritime_2020,ridge_regression,100,0.22622973959647358,0.18027623122749048,0.0007881460164588816,0.43612274359400777,0.5187295157600718,48.64577793975289
lower_layer_mean_temperature_k,54.4,2.0,source_name,winter_midlatitude_maritime_sample,mean_baseline,80,1.3913005148696294,1.1542713149187371,-7.105427357601002e-16,1.3739092584337618,1.0126582278480991,0.0
lower_layer_mean_temperature_k,54.4,2.0,source_name,winter_midlatitude_maritime_sample,linear_regression,80,1.078461199627987,0.875239600268479,0.004420922921187298,1.3739092584337618,0.7849580989485567,22.485387728829863
lower_layer_mean_temperature_k,54.4,2.0,source_name,winter_midlatitude_maritime_sample,ridge_regression,80,1.0780262914198566,0.874817991486146,0.004348546298589185,1.3739092584337618,0.7846415509629743,22.51664684240614
lower_layer_mean_temperature_k,54.4,2.0,source_name_pooled,all_sources_pooled,mean_baseline,240,1.2997317244650368,0.9461321785001513,-6.5133084111342514e-15,14.459286213124718,0.08988906542878086,0.0
lower_layer_mean_temperature_k,54.4,2.0,source_name_pooled,all_sources_pooled,linear_regression,240,0.7882836153120807,0.5398607573305257,0.0020422870960858336,14.459286213124718,0.05451746398079833,39.35028279497183
lower_layer_mean_temperature_k,54.4,2.0,source_name_pooled,all_sources_pooled,ridge_regression,240,0.7876985624004593,0.5402842728419055,0.0019573712390418053,14.459286213124718,0.054477001892767295,39.395296154314295
upper_layer_mean_temperature_k,54.4,2.0,global,all_era5,mean_baseline,240,6.697328834001193,6.314122417112401,-2.2500519965736505e-15,6.669423297192855,1.00418410041841,0.0
upper_layer_mean_temperature_k,54.4,2.0,global,all_era5,linear_regression,240,3.7651970806471735,3.1101052458804688,-0.002344812854418521,6.669423297192855,0.5645461253346952,43.78061501875327
upper_layer_mean_temperature_k,54.4,2.0,global,all_era5,ridge_regression,240,3.7849529676550833,3.1682455590921754,-0.0037443820730518476,6.669423297192855,0.5675082835495179,43.485633429860506
upper_layer_mean_temperature_k,54.4,2.0,source_name,high_latitude_continental_2020,mean_baseline,60,3.441336887472731,2.945238542287361,9.473903143468002e-16,3.3839812726815155,1.016949152542374,0.0
upper_layer_mean_temperature_k,54.4,2.0,source_name,high_latitude_continental_2020,linear_regression,60,3.1733024120125126,2.535703790342916,0.00011476874711604523,3.3839812726815155,0.9377423089277153,7.788672955441434
upper_layer_mean_temperature_k,54.4,2.0,source_name,high_latitude_continental_2020,ridge_regression,60,3.1531224833317,2.5487510436910252,-0.002240528341488357,3.3839812726815155,0.9317789400273839,8.375070897307335
upper_layer_mean_temperature_k,54.4,2.0,source_name,lower_latitude_maritime_2020,mean_baseline,100,0.32733466425554114,0.2681760367961877,7.105427357601002e-15,0.324061317612984,1.0101010101010155,0.0
upper_layer_mean_temperature_k,54.4,2.0,source_name,lower_latitude_maritime_2020,linear_regression,100,0.301597157310548,0.24757124099345704,0.0006162299271088045,0.324061317612984,0.930679290981393,7.862750192842571
upper_layer_mean_temperature_k,54.4,2.0,source_name,lower_latitude_maritime_2020,ridge_regression,100,0.30148245787591393,0.24751079826576672,0.0006096788085213234,0.324061317612984,0.9303253473651697,7.897790610848688
upper_layer_mean_temperature_k,54.4,2.0,source_name,winter_midlatitude_maritime_sample,mean_baseline,80,0.7218569347110927,0.5922586304225949,2.5224267119483555e-14,0.7128337230272038,1.0126582278481016,0.0
upper_layer_mean_temperature_k,54.4,2.0,source_name,winter_midlatitude_maritime_sample,linear_regression,80,0.7107298144714042,0.5737199674964014,-0.000743287296782924,0.7128337230272038,0.9970485283063419,1.5414578297487602
upper_layer_mean_temperature_k,54.4,2.0,source_name,winter_midlatitude_maritime_sample,ridge_regression,80,0.7102302066287379,0.573682560053675,-0.0007311189889552594,0.7128337230272038,0.9963476525950407,1.6106693062397648
upper_layer_mean_temperature_k,54.4,2.0,source_name_pooled,all_sources_pooled,mean_baseline,240,1.7829855198542681,1.0454691943777834,1.1605531350748303e-14,6.669423297192855,0.2673372854598572,0.0
upper_layer_mean_temperature_k,54.4,2.0,source_name_pooled,all_sources_pooled,linear_regression,240,1.650376126257702,0.9283206204984699,3.769222414670518e-05,6.669423297192855,0.24745409801059431,7.437491337978164
upper_layer_mean_temperature_k,54.4,2.0,source_name_pooled,all_sources_pooled,ridge_regression,240,1.6405972066177028,0.9315447802180508,-0.0005498055781399577,6.669423297192855,0.24598786634344028,7.985948940752108
lower_layer_mean_temperature_k,54.4,3.0,global,all_era5,mean_baseline,240,14.51978531861896,11.904808138337925,-3.647452710235181e-14,14.459286213124718,1.0041841004184098,0.0
lower_layer_mean_temperature_k,54.4,3.0,global,all_era5,linear_regression,240,1.5408400633757804,1.255050478050156,0.002687781615192719,14.459286213124718,0.10656404753764105,89.38799693270991
lower_layer_mean_temperature_k,54.4,3.0,global,all_era5,ridge_regression,240,1.555071592863945,1.259391833810796,0.002442111758242523,14.459286213124718,0.10754829594924291,89.28998219505455
lower_layer_mean_temperature_k,54.4,3.0,source_name,high_latitude_continental_2020,mean_baseline,60,1.9628582456336663,1.6880731119274397,-1.3737159558028604e-14,1.9301439415397743,1.0169491525423715,0.0
lower_layer_mean_temperature_k,54.4,3.0,source_name,high_latitude_continental_2020,linear_regression,60,0.926708124989422,0.6968282324587312,-0.00025820292429301617,1.9301439415397743,0.4801238420851347,52.7878221949617
lower_layer_mean_temperature_k,54.4,3.0,source_name,high_latitude_continental_2020,ridge_regression,60,0.9256072619268746,0.7006239401354709,-0.0004247324196171576,1.9301439415397743,0.4795534892534856,52.84390689007385
lower_layer_mean_temperature_k,54.4,3.0,source_name,lower_latitude_maritime_2020,mean_baseline,100,0.440528023832331,0.33445630930890957,-6.8212102632969615e-15,0.43612274359400777,1.01010101010101,0.0
lower_layer_mean_temperature_k,54.4,3.0,source_name,lower_latitude_maritime_2020,linear_regression,100,0.22816921061698955,0.18185590624936082,0.000824596058699285,0.43612274359400777,0.5231765918390058,48.20551740793842
lower_layer_mean_temperature_k,54.4,3.0,source_name,lower_latitude_maritime_2020,ridge_regression,100,0.2280995795626269,0.18157545138326042,0.0008205170051377308,0.43612274359400777,0.5230169325334881,48.22132367918467
lower_layer_mean_temperature_k,54.4,3.0,source_name,winter_midlatitude_maritime_sample,mean_baseline,80,1.3913005148696294,1.1542713149187371,-7.105427357601002e-16,1.3739092584337618,1.0126582278480991,0.0
lower_layer_mean_temperature_k,54.4,3.0,source_name,winter_midlatitude_maritime_sample,linear_regression,80,1.0821707728870131,0.8779491223353908,0.004806744975358157,1.3739092584337618,0.7876581122400131,22.21876141629855
lower_layer_mean_temperature_k,54.4,3.0,source_name,winter_midlatitude_maritime_sample,ridge_regression,80,1.0817312167038744,0.8774582878339068,0.004721154978270903,1.3739092584337618,0.7873381812253261,22.2503546039989
lower_layer_mean_temperature_k,54.4,3.0,source_name_pooled,all_sources_pooled,mean_baseline,240,1.2997317244650368,0.9461321785001513,-6.5133084111342514e-15,14.459286213124718,0.08988906542878086,0.0
lower_layer_mean_temperature_k,54.4,3.0,source_name_pooled,all_sources_pooled,linear_regression,240,0.7916777604606368,0.54263005983038,0.0018812792851708338,14.459286213124718,0.05475220206527412,39.08914081584894
lower_layer_mean_temperature_k,54.4,3.0,source_name_pooled,all_sources_pooled,ridge_regression,240,0.791147015506869,0.5432985190548618,0.001809417306660066,14.459286213124718,0.05471549589970378,39.12997577769357
upper_layer_mean_temperature_k,54.4,3.0,global,all_era5,mean_baseline,240,6.697328834001193,6.314122417112401,-2.2500519965736505e-15,6.669423297192855,1.00418410041841,0.0
upper_layer_mean_temperature_k,54.4,3.0,global,all_era5,linear_regression,240,4.055873981046338,3.412904623110251,-0.006566392534845752,6.669423297192855,0.6081296388480013,39.44042346471986
upper_layer_mean_temperature_k,54.4,3.0,global,all_era5,ridge_regression,240,4.058027564008081,3.4362701663588284,-0.007334109397096237,6.669423297192855,0.6084525427732403,39.40826761549815
upper_layer_mean_temperature_k,54.4,3.0,source_name,high_latitude_continental_2020,mean_baseline,60,3.441336887472731,2.945238542287361,9.473903143468002e-16,3.3839812726815155,1.016949152542374,0.0
upper_layer_mean_temperature_k,54.4,3.0,source_name,high_latitude_continental_2020,linear_regression,60,3.175949406529373,2.522422165153407,-0.0008964733284315685,3.3839812726815155,0.9385245220381213,7.711755332918157
upper_layer_mean_temperature_k,54.4,3.0,source_name,high_latitude_continental_2020,ridge_regression,60,3.1582946248709822,2.542421089042799,-0.002570837959370446,3.3839812726815155,0.9333073591061288,8.224776354564089
upper_layer_mean_temperature_k,54.4,3.0,source_name,lower_latitude_maritime_2020,mean_baseline,100,0.32733466425554114,0.2681760367961877,7.105427357601002e-15,0.324061317612984,1.0101010101010155,0.0
upper_layer_mean_temperature_k,54.4,3.0,source_name,lower_latitude_maritime_2020,linear_regression,100,0.30127196564991426,0.2465325747723898,0.0006285982447343485,0.324061317612984,0.9296758029284867,7.962095510080303
upper_layer_mean_temperature_k,54.4,3.0,source_name,lower_latitude_maritime_2020,ridge_regression,100,0.3011590269316024,0.24648131740931917,0.0006224401383659029,0.324061317612984,0.929327292593641,7.996598033230029
upper_layer_mean_temperature_k,54.4,3.0,source_name,winter_midlatitude_maritime_sample,mean_baseline,80,0.7218569347110927,0.5922586304225949,2.5224267119483555e-14,0.7128337230272038,1.0126582278481016,0.0
upper_layer_mean_temperature_k,54.4,3.0,source_name,winter_midlatitude_maritime_sample,linear_regression,80,0.7120156425657964,0.5736723342678601,-0.0003645692163871672,0.7128337230272038,0.9988523544341684,1.3633299996258952
upper_layer_mean_temperature_k,54.4,3.0,source_name,winter_midlatitude_maritime_sample,ridge_regression,80,0.7115162508879571,0.5738418997413159,-0.0003612203968511807,0.7128337230272038,0.998151781970062,1.432511530456404
upper_layer_mean_temperature_k,54.4,3.0,source_name_pooled,all_sources_pooled,mean_baseline,240,1.7829855198542681,1.0454691943777834,1.1605531350748303e-14,6.669423297192855,0.2673372854598572,0.0
upper_layer_mean_temperature_k,54.4,3.0,source_name_pooled,all_sources_pooled,linear_regression,240,1.6518084278039322,0.9245515588661343,-8.37254689309693e-05,6.669423297192855,0.24766885444190873,7.357159695893523
upper_layer_mean_temperature_k,54.4,3.0,source_name_pooled,all_sources_pooled,ridge_regression,240,1.6432432390217773,0.9295864544283547,-0.0005037662311405455,6.669423297192855,0.24638460715387708,7.8375443477472935
lower_layer_mean_temperature_k,54.4,5.0,global,all_era5,mean_baseline,240,14.51978531861896,11.904808138337925,-3.647452710235181e-14,14.459286213124718,1.0041841004184098,0.0
lower_layer_mean_temperature_k,54.4,5.0,global,all_era5,linear_regression,240,1.5950673146220213,1.3151488229603883,0.004033926670866114,14.459286213124718,0.110314388353014,89.01452549317902
lower_layer_mean_temperature_k,54.4,5.0,global,all_era5,ridge_regression,240,1.601575799738713,1.3125040830588088,0.0035521074690386457,14.459286213124718,0.11076451327763054,88.9697005527693
lower_layer_mean_temperature_k,54.4,5.0,source_name,high_latitude_continental_2020,mean_baseline,60,1.9628582456336663,1.6880731119274397,-1.3737159558028604e-14,1.9301439415397743,1.0169491525423715,0.0
lower_layer_mean_temperature_k,54.4,5.0,source_name,high_latitude_continental_2020,linear_regression,60,0.9314174216632014,0.7003361148384002,-0.0015696238291586914,1.9301439415397743,0.4825637102071062,52.54790182963449
lower_layer_mean_temperature_k,54.4,5.0,source_name,high_latitude_continental_2020,ridge_regression,60,0.9304315233802738,0.7047055576991933,-0.0017492636924065627,1.9301439415397743,0.4820529201765238,52.5981295159751
lower_layer_mean_temperature_k,54.4,5.0,source_name,lower_latitude_maritime_2020,mean_baseline,100,0.440528023832331,0.33445630930890957,-6.8212102632969615e-15,0.43612274359400777,1.01010101010101,0.0
lower_layer_mean_temperature_k,54.4,5.0,source_name,lower_latitude_maritime_2020,linear_regression,100,0.22947545126536611,0.18254722797259604,0.0008491184618134184,0.43612274359400777,0.5261717134362242,47.90900036981379
lower_layer_mean_temperature_k,54.4,5.0,source_name,lower_latitude_maritime_2020,ridge_regression,100,0.22940475013812542,0.18225484325804076,0.0008445664546439957,0.43612274359400777,0.5260096005258584,47.92504954794
lower_layer_mean_temperature_k,54.4,5.0,source_name,winter_midlatitude_maritime_sample,mean_baseline,80,1.3913005148696294,1.1542713149187371,-7.105427357601002e-16,1.3739092584337618,1.0126582278480991,0.0
lower_layer_mean_temperature_k,54.4,5.0,source_name,winter_midlatitude_maritime_sample,linear_regression,80,1.0827952951024065,0.8760272443255716,0.005105778733893373,1.3739092584337618,0.7881126708009659,22.17387375840446
lower_layer_mean_temperature_k,54.4,5.0,source_name,winter_midlatitude_maritime_sample,ridge_regression,80,1.0823477338059695,0.875365373868091,0.005009206203376948,1.3739092584337618,0.7877869132637125,22.20604231520823
lower_layer_mean_temperature_k,54.4,5.0,source_name_pooled,all_sources_pooled,mean_baseline,240,1.2997317244650368,0.9461321785001513,-6.5133084111342514e-15,14.459286213124718,0.08988906542878086,0.0
lower_layer_mean_temperature_k,54.4,5.0,source_name_pooled,all_sources_pooled,linear_regression,240,0.7934992521622197,0.5431544551400389,0.001663319646430376,14.459286213124718,0.054878175897919435,38.94899714871389
lower_layer_mean_temperature_k,54.4,5.0,source_name_pooled,all_sources_pooled,ridge_regression,240,0.792997878492778,0.5439043654050123,0.001584322167459007,14.459286213124718,0.05484350104177152,38.987572314650386
upper_layer_mean_temperature_k,54.4,5.0,global,all_era5,mean_baseline,240,6.697328834001193,6.314122417112401,-2.2500519965736505e-15,6.669423297192855,1.00418410041841,0.0
upper_layer_mean_temperature_k,54.4,5.0,global,all_era5,linear_regression,240,4.28078841135005,3.683917852513866,-0.01066064119382304,6.669423297192855,0.6418528590248311,36.08215278877722
upper_layer_mean_temperature_k,54.4,5.0,global,all_era5,ridge_regression,240,4.274454788570727,3.6925896168789936,-0.0108647422961243,6.669423297192855,0.6409032082833662,36.17672217511478
upper_layer_mean_temperature_k,54.4,5.0,source_name,high_latitude_continental_2020,mean_baseline,60,3.441336887472731,2.945238542287361,9.473903143468002e-16,3.3839812726815155,1.016949152542374,0.0
upper_layer_mean_temperature_k,54.4,5.0,source_name,high_latitude_continental_2020,linear_regression,60,3.1787872919821663,2.5160321413048266,-0.0012571579728259507,3.3839812726815155,0.9393631453117497,7.629290711011372
upper_layer_mean_temperature_k,54.4,5.0,source_name,high_latitude_continental_2020,ridge_regression,60,3.1632035917836614,2.5438652333489995,-0.002306097858935156,3.3839812726815155,0.9347580074747557,8.082129264982452
upper_layer_mean_temperature_k,54.4,5.0,source_name,lower_latitude_maritime_2020,mean_baseline,100,0.32733466425554114,0.2681760367961877,7.105427357601002e-15,0.324061317612984,1.0101010101010155,0.0
upper_layer_mean_temperature_k,54.4,5.0,source_name,lower_latitude_maritime_2020,linear_regression,100,0.3008595201918287,0.24538109874514816,0.0006395875254690963,0.324061317612984,0.9284030639878331,8.088096665205002
upper_layer_mean_temperature_k,54.4,5.0,source_name,lower_latitude_maritime_2020,ridge_regression,100,0.30074760970017644,0.2453361963697853,0.0006335928061992035,0.324061317612984,0.9280577265915756,8.12228506743451
upper_layer_mean_temperature_k,54.4,5.0,source_name,winter_midlatitude_maritime_sample,mean_baseline,80,0.7218569347110927,0.5922586304225949,2.5224267119483555e-14,0.7128337230272038,1.0126582278481016,0.0
upper_layer_mean_temperature_k,54.4,5.0,source_name,winter_midlatitude_maritime_sample,linear_regression,80,0.7117892047627279,0.5732729683438726,-7.586877719134577e-05,0.7128337230272038,0.9985346957772422,1.394698791997362
upper_layer_mean_temperature_k,54.4,5.0,source_name,winter_midlatitude_maritime_sample,ridge_regression,80,0.7112899062017224,0.5735078828116909,-8.00287888655049e-05,0.7128337230272038,0.9978342539422443,1.4638674232034021
upper_layer_mean_temperature_k,54.4,5.0,source_name_pooled,all_sources_pooled,mean_baseline,240,1.7829855198542681,1.0454691943777834,1.1605531350748303e-14,6.669423297192855,0.2673372854598572,0.0
upper_layer_mean_temperature_k,54.4,5.0,source_name_pooled,all_sources_pooled,linear_regression,240,1.653108780588845,0.9223411492513093,-7.30842833248128e-05,6.669423297192855,0.24786382673965746,7.284228493119715
upper_layer_mean_temperature_k,54.4,5.0,source_name_pooled,all_sources_pooled,ridge_regression,240,1.6455381550215022,0.9293590177618907,-0.0003392037251059558,6.669423297192855,0.2467287022723697,7.708832365839968
