target_name,setup_type,group_name,model_name,channel_combination,n_channels,n_samples,rmse_k,mae_k,bias_k,target_std_k,normalized_rmse,rmse_reduction_vs_baseline_pct
lower_layer_mean_temperature_k,global,all_era5,mean_baseline,50.3+52.8+54.4,3,240,14.51978531861896,11.904808138337925,-3.647452710235181e-14,14.459286213124718,1.0041841004184098,0.0
lower_layer_mean_temperature_k,global,all_era5,linear_regression,50.3+52.8+54.4,3,240,1.3579228821532818,1.06715405201456,-0.00041729361354327923,14.459286213124718,0.093913548852826,90.64777576007275
lower_layer_mean_temperature_k,global,all_era5,ridge_regression,50.3+52.8+54.4,3,240,1.4128312631705808,1.1125054460416075,-7.529353683691417e-05,14.459286213124718,0.09771099640369187,90.26961327479901
lower_layer_mean_temperature_k,source_name,high_latitude_continental_2020,mean_baseline,50.3+52.8+54.4,3,60,1.9628582456336663,1.6880731119274397,-1.3737159558028604e-14,1.9301439415397743,1.0169491525423715,0.0
lower_layer_mean_temperature_k,source_name,high_latitude_continental_2020,linear_regression,50.3+52.8+54.4,3,60,0.9138110705018708,0.6781272748199962,0.0016885720206862706,1.9301439415397743,0.47344192877805635,53.444877003491065
lower_layer_mean_temperature_k,source_name,high_latitude_continental_2020,ridge_regression,50.3+52.8+54.4,3,60,0.9117330337340087,0.6810205984880511,0.001083995059343105,1.9301439415397743,0.47236530608524085,53.55074490161793
lower_layer_mean_temperature_k,source_name,lower_latitude_maritime_2020,mean_baseline,50.3+52.8+54.4,3,100,0.440528023832331,0.33445630930890957,-6.8212102632969615e-15,0.43612274359400777,1.01010101010101,0.0
lower_layer_mean_temperature_k,source_name,lower_latitude_maritime_2020,linear_regression,50.3+52.8+54.4,3,100,0.21956891776414394,0.1766306708496677,0.0006778649974955897,0.43612274359400777,0.503456701099137,50.15778659118541
lower_layer_mean_temperature_k,source_name,lower_latitude_maritime_2020,ridge_regression,50.3+52.8+54.4,3,100,0.21950123457822984,0.17652293077781678,0.0006778750666694577,0.43612274359400777,0.5033015081244337,50.173150695681045
lower_layer_mean_temperature_k,source_name,winter_midlatitude_maritime_sample,mean_baseline,50.3+52.8+54.4,3,80,1.3913005148696294,1.1542713149187371,-7.105427357601002e-16,1.3739092584337618,1.0126582278480991,0.0
lower_layer_mean_temperature_k,source_name,winter_midlatitude_maritime_sample,linear_regression,50.3+52.8+54.4,3,80,1.0498487730535708,0.8491546234123952,0.003414762822193751,1.3739092584337618,0.7641325412206512,24.541911554460537
lower_layer_mean_temperature_k,source_name,winter_midlatitude_maritime_sample,ridge_regression,50.3+52.8+54.4,3,80,1.0493921062936258,0.8491350301879799,0.0033759859781959277,1.3739092584337618,0.7638001562708142,24.57473456825694
lower_layer_mean_temperature_k,source_name_pooled,all_sources_pooled,mean_baseline,50.3+52.8+54.4,3,240,1.2997317244650368,0.9461321785001513,-6.5133084111342514e-15,14.459286213124718,0.08988906542878086,0.0
lower_layer_mean_temperature_k,source_name_pooled,all_sources_pooled,linear_regression,50.3+52.8+54.4,3,240,0.7721687181290253,0.5261794726964923,0.001842841028192647,14.459286213124718,0.05340296241097479,40.59014613597694
lower_layer_mean_temperature_k,source_name_pooled,all_sources_pooled,ridge_regression,50.3+52.8+54.4,3,240,0.7713392306738208,0.5268513808420964,0.0016787753686800264,14.459286213124718,0.05334559530149385,40.65396603354433
upper_layer_mean_temperature_k,global,all_era5,mean_baseline,50.3+52.8+54.4,3,240,6.697328834001193,6.314122417112401,-2.2500519965736505e-15,6.669423297192855,1.00418410041841,0.0
upper_layer_mean_temperature_k,global,all_era5,linear_regression,50.3+52.8+54.4,3,240,3.2003181843482653,2.5508266082721094,0.0034760328717705845,6.669423297192855,0.4798493125627926,52.21500595728856
upper_layer_mean_temperature_k,global,all_era5,ridge_regression,50.3+52.8+54.4,3,240,3.279741745816871,2.6910425166357475,0.0011691401419835045,6.669423297192855,0.49175792263737506,51.02910687069473
upper_layer_mean_temperature_k,source_name,high_latitude_continental_2020,mean_baseline,50.3+52.8+54.4,3,60,3.441336887472731,2.945238542287361,9.473903143468002e-16,3.3839812726815155,1.016949152542374,0.0
upper_layer_mean_temperature_k,source_name,high_latitude_continental_2020,linear_regression,50.3+52.8+54.4,3,60,3.1708043530377514,2.56860389876997,0.0044941710117375544,3.3839812726815155,0.9370041077458919,7.861262738320718
upper_layer_mean_temperature_k,source_name,high_latitude_continental_2020,ridge_regression,50.3+52.8+54.4,3,60,3.1455341369272856,2.5797906322725392,0.0009442080795456794,3.3839812726815155,0.929536508467353,8.595576667377047
upper_layer_mean_temperature_k,source_name,lower_latitude_maritime_2020,mean_baseline,50.3+52.8+54.4,3,100,0.32733466425554114,0.2681760367961877,7.105427357601002e-15,0.324061317612984,1.0101010101010155,0.0
upper_layer_mean_temperature_k,source_name,lower_latitude_maritime_2020,linear_regression,50.3+52.8+54.4,3,100,0.3014359274047556,0.24900237202450795,0.0005939602054536408,0.324061317612984,0.9301817619736732,7.912005564606838
upper_layer_mean_temperature_k,source_name,lower_latitude_maritime_2020,ridge_regression,50.3+52.8+54.4,3,100,0.30131347620421417,0.24890013380980605,0.0005854758615410561,0.324061317612984,0.9298038976810652,7.949414129575027
upper_layer_mean_temperature_k,source_name,winter_midlatitude_maritime_sample,mean_baseline,50.3+52.8+54.4,3,80,0.7218569347110927,0.5922586304225949,2.5224267119483555e-14,0.7128337230272038,1.0126582278481016,0.0
upper_layer_mean_temperature_k,source_name,winter_midlatitude_maritime_sample,linear_regression,50.3+52.8+54.4,3,80,0.6974385971951031,0.5700286911723047,-0.0018202236809628403,0.7128337230272038,0.9784029215583097,3.3827114961169524
upper_layer_mean_temperature_k,source_name,winter_midlatitude_maritime_sample,ridge_regression,50.3+52.8+54.4,3,80,0.6969341616116023,0.5699104937065573,-0.001786651755535118,0.7128337230272038,0.9776952732425724,3.4525917672959983
upper_layer_mean_temperature_k,source_name_pooled,all_sources_pooled,mean_baseline,50.3+52.8+54.4,3,240,1.7829855198542681,1.0454691943777834,1.1605531350748303e-14,6.669423297192855,0.2673372854598572,0.0
upper_layer_mean_temperature_k,source_name_pooled,all_sources_pooled,linear_regression,50.3+52.8+54.4,3,240,1.6472705003229633,0.935911526760139,0.0007642849448857921,6.669423297192855,0.24698844666469072,7.61167255819315
upper_layer_mean_temperature_k,source_name_pooled,all_sources_pooled,ridge_regression,50.3+52.8+54.4,3,240,1.635032440476362,0.9386262117244064,-0.00011555028964984614,6.669423297192855,0.24515349642967532,8.298052773305697
lower_layer_mean_temperature_k,global,all_era5,mean_baseline,50.3+52.8,2,240,14.51978531861896,11.904808138337925,-3.647452710235181e-14,14.459286213124718,1.0041841004184098,0.0
lower_layer_mean_temperature_k,global,all_era5,linear_regression,50.3+52.8,2,240,1.6341822308960974,1.3582732063127132,0.005013941780011303,14.459286213124718,0.11301956450746146,88.74513503446529
lower_layer_mean_temperature_k,global,all_era5,ridge_regression,50.3+52.8,2,240,1.635346872029542,1.352418166464166,0.004161414743040955,14.459286213124718,0.11310011074717748,88.73711397142691
lower_layer_mean_temperature_k,source_name,high_latitude_continental_2020,mean_baseline,50.3+52.8,2,60,1.9628582456336663,1.6880731119274397,-1.3737159558028604e-14,1.9301439415397743,1.0169491525423715,0.0
lower_layer_mean_temperature_k,source_name,high_latitude_continental_2020,linear_regression,50.3+52.8,2,60,0.936256488534865,0.705136207170222,-0.003768457623227069,1.9301439415397743,0.48507081175923356,52.30137017700864
lower_layer_mean_temperature_k,source_name,high_latitude_continental_2020,ridge_regression,50.3+52.8,2,60,0.9360166359615634,0.7061922073234105,-0.004253169922290567,1.9301439415397743,0.4849465450824642,52.31358973355762
lower_layer_mean_temperature_k,source_name,lower_latitude_maritime_2020,mean_baseline,50.3+52.8,2,100,0.440528023832331,0.33445630930890957,-6.8212102632969615e-15,0.43612274359400777,1.01010101010101,0.0
lower_layer_mean_temperature_k,source_name,lower_latitude_maritime_2020,linear_regression,50.3+52.8,2,100,0.23074141475863622,0.18029724825165033,0.0008806545388421228,0.43612274359400777,0.5290744822366713,47.62162625856953
lower_layer_mean_temperature_k,source_name,lower_latitude_maritime_2020,ridge_regression,50.3+52.8,2,100,0.23070474390029616,0.18022068239765304,0.0008808453704307339,0.43612274359400777,0.5289903984348547,47.62995055494936
lower_layer_mean_temperature_k,source_name,winter_midlatitude_maritime_sample,mean_baseline,50.3+52.8,2,80,1.3913005148696294,1.1542713149187371,-7.105427357601002e-16,1.3739092584337618,1.0126582278480991,0.0
lower_layer_mean_temperature_k,source_name,winter_midlatitude_maritime_sample,linear_regression,50.3+52.8,2,80,1.0699143294359115,0.8661366338783502,0.003741001930364263,1.3739092584337618,0.778737258569463,23.09969571626538
lower_layer_mean_temperature_k,source_name,winter_midlatitude_maritime_sample,ridge_regression,50.3+52.8,2,80,1.0696299344795288,0.8658300155042277,0.0036563658850475634,1.3739092584337618,0.7785302616701868,23.1201366600689
lower_layer_mean_temperature_k,source_name_pooled,all_sources_pooled,mean_baseline,50.3+52.8,2,240,1.2997317244650368,0.9461321785001513,-6.5133084111342514e-15,14.459286213124718,0.08988906542878086,0.0
lower_layer_mean_temperature_k,source_name_pooled,all_sources_pooled,linear_regression,50.3+52.8,2,240,0.789240316629657,0.5401201165235265,0.0006718256288322048,14.459286213124718,0.054583629163745456,39.27667519583671
lower_layer_mean_temperature_k,source_name_pooled,all_sources_pooled,ridge_regression,50.3+52.8,2,240,0.7890362058454414,0.5402500079979506,0.0005225150521226852,14.459286213124718,0.054569512921684334,39.29237926617473
upper_layer_mean_temperature_k,global,all_era5,mean_baseline,50.3+52.8,2,240,6.697328834001193,6.314122417112401,-2.2500519965736505e-15,6.669423297192855,1.00418410041841,0.0
upper_layer_mean_temperature_k,global,all_era5,linear_regression,50.3+52.8,2,240,4.422134531902096,3.9447839053420877,-0.01317359955514495,6.669423297192855,0.6630460138530062,33.971667787138124
upper_layer_mean_temperature_k,global,all_era5,ridge_regression,50.3+52.8,2,240,4.411670562306466,3.9319563655417054,-0.012501584105637656,6.669423297192855,0.661477067164612,34.12790872819072
upper_layer_mean_temperature_k,source_name,high_latitude_continental_2020,mean_baseline,50.3+52.8,2,60,3.441336887472731,2.945238542287361,9.473903143468002e-16,3.3839812726815155,1.016949152542374,0.0
upper_layer_mean_temperature_k,source_name,high_latitude_continental_2020,linear_regression,50.3+52.8,2,60,3.1455860987851003,2.516877945319474,0.004591885197230757,3.3839812726815155,0.9295518637112589,8.594066735059636
upper_layer_mean_temperature_k,source_name,high_latitude_continental_2020,ridge_regression,50.3+52.8,2,60,3.136820618410377,2.5602443755923887,0.00509569060195408,3.3839812726815155,0.9269615773980673,8.848778222523478
upper_layer_mean_temperature_k,source_name,lower_latitude_maritime_2020,mean_baseline,50.3+52.8,2,100,0.32733466425554114,0.2681760367961877,7.105427357601002e-15,0.324061317612984,1.0101010101010155,0.0
upper_layer_mean_temperature_k,source_name,lower_latitude_maritime_2020,linear_regression,50.3+52.8,2,100,0.29791156752631903,0.24582810483363318,0.000376979191447333,0.324061317612984,0.9193061662549469,8.988689540760742
upper_layer_mean_temperature_k,source_name,lower_latitude_maritime_2020,ridge_regression,50.3+52.8,2,100,0.29784036407328596,0.24575808183578318,0.00036628325413232685,0.324061317612984,0.9190864440938523,9.010442034709099
upper_layer_mean_temperature_k,source_name,winter_midlatitude_maritime_sample,mean_baseline,50.3+52.8,2,80,0.7218569347110927,0.5922586304225949,2.5224267119483555e-14,0.7128337230272038,1.0126582278481016,0.0
upper_layer_mean_temperature_k,source_name,winter_midlatitude_maritime_sample,linear_regression,50.3+52.8,2,80,0.7014798012859684,0.5655058923853865,-0.0014029368551838673,0.7128337230272038,0.9840721315862857,2.8228770058543184
upper_layer_mean_temperature_k,source_name,winter_midlatitude_maritime_sample,ridge_regression,50.3+52.8,2,80,0.7011660935940888,0.5658839340142446,-0.0014032938857209132,0.7128337230272038,0.9836320462175022,2.866335436021683
upper_layer_mean_temperature_k,source_name_pooled,all_sources_pooled,mean_baseline,50.3+52.8,2,240,1.7829855198542681,1.0454691943777834,1.1605531350748303e-14,6.669423297192855,0.2673372854598572,0.0
upper_layer_mean_temperature_k,source_name_pooled,all_sources_pooled,linear_regression,50.3+52.8,2,240,1.6354456036859635,0.9201498274723445,0.0008374003440161222,6.669423297192855,0.2452154452955953,8.274880223388681
upper_layer_mean_temperature_k,source_name_pooled,all_sources_pooled,ridge_regression,50.3+52.8,2,240,1.6311808287207636,0.9310882726677551,0.0009587760444700184,6.669423297192855,0.24457599346068254,8.514073134251376
lower_layer_mean_temperature_k,global,all_era5,mean_baseline,50.3+54.4,2,240,14.51978531861896,11.904808138337925,-3.647452710235181e-14,14.459286213124718,1.0041841004184098,0.0
lower_layer_mean_temperature_k,global,all_era5,linear_regression,50.3+54.4,2,240,1.6048431112728363,1.2135805232885388,-0.0013643171142033357,14.459286213124718,0.11099047958647623,88.9471980745134
lower_layer_mean_temperature_k,global,all_era5,ridge_regression,50.3+54.4,2,240,1.6509890124857267,1.2858849236782457,-2.670739670402137e-05,14.459286213124718,0.11418191660022065,88.62938413856136
lower_layer_mean_temperature_k,source_name,high_latitude_continental_2020,mean_baseline,50.3+54.4,2,60,1.9628582456336663,1.6880731119274397,-1.3737159558028604e-14,1.9301439415397743,1.0169491525423715,0.0
lower_layer_mean_temperature_k,source_name,high_latitude_continental_2020,linear_regression,50.3+54.4,2,60,0.9991342064801639,0.8335268362526956,-0.0035190731825210262,1.9301439415397743,0.5176475106219817,49.097994788838406
lower_layer_mean_temperature_k,source_name,high_latitude_continental_2020,ridge_regression,50.3+54.4,2,60,0.9986395984901213,0.8348546194617782,-0.0035427901317153974,1.9301439415397743,0.517391256163753,49.12319314389756
lower_layer_mean_temperature_k,source_name,lower_latitude_maritime_2020,mean_baseline,50.3+54.4,2,100,0.440528023832331,0.33445630930890957,-6.8212102632969615e-15,0.43612274359400777,1.01010101010101,0.0
lower_layer_mean_temperature_k,source_name,lower_latitude_maritime_2020,linear_regression,50.3+54.4,2,100,0.23468387940239685,0.19391946130996757,0.001475843253600715,0.43612274359400777,0.5381142874329596,46.726685544136984
lower_layer_mean_temperature_k,source_name,lower_latitude_maritime_2020,ridge_regression,50.3+54.4,2,100,0.2346585862838855,0.19420984666560684,0.0014577783184756754,0.43612274359400777,0.5380562920202395,46.73242708999628
lower_layer_mean_temperature_k,source_name,winter_midlatitude_maritime_sample,mean_baseline,50.3+54.4,2,80,1.3913005148696294,1.1542713149187371,-7.105427357601002e-16,1.3739092584337618,1.0126582278480991,0.0
lower_layer_mean_temperature_k,source_name,winter_midlatitude_maritime_sample,linear_regression,50.3+54.4,2,80,1.2494490581895503,1.006020849865577,0.0008579894465086113,1.3739092584337618,0.9094116300037934,10.19560153712522
lower_layer_mean_temperature_k,source_name,winter_midlatitude_maritime_sample,ridge_regression,50.3+54.4,2,80,1.2490554890505632,1.0058301791350026,0.0008676396076047865,1.3739092584337618,0.9091251706640873,10.223889396921205
lower_layer_mean_temperature_k,source_name_pooled,all_sources_pooled,mean_baseline,50.3+54.4,2,240,1.2997317244650368,0.9461321785001513,-6.5133084111342514e-15,14.459286213124718,0.08988906542878086,0.0
lower_layer_mean_temperature_k,source_name_pooled,all_sources_pooled,linear_regression,50.3+54.4,2,240,0.8904437985248352,0.6245217678975193,2.116287553957837e-05,14.459286213124718,0.061582832333492224,31.490185107904665
lower_layer_mean_temperature_k,source_name_pooled,all_sources_pooled,ridge_regression,50.3+54.4,2,240,0.8901181973250639,0.6249111506877816,1.0923302304277626e-05,14.459286213124718,0.061560313849870554,31.515236523796307
upper_layer_mean_temperature_k,global,all_era5,mean_baseline,50.3+54.4,2,240,6.697328834001193,6.314122417112401,-2.2500519965736505e-15,6.669423297192855,1.00418410041841,0.0
upper_layer_mean_temperature_k,global,all_era5,linear_regression,50.3+54.4,2,240,3.377874993794152,2.681653143665044,0.00337833734956862,6.669423297192855,0.5064718257148099,49.56384735590018
upper_layer_mean_temperature_k,global,all_era5,ridge_regression,50.3+54.4,2,240,3.406164457876131,2.801292938177366,0.000779996689967651,6.669423297192855,0.5107134914213314,49.141448145959075
upper_layer_mean_temperature_k,source_name,high_latitude_continental_2020,mean_baseline,50.3+54.4,2,60,3.441336887472731,2.945238542287361,9.473903143468002e-16,3.3839812726815155,1.016949152542374,0.0
upper_layer_mean_temperature_k,source_name,high_latitude_continental_2020,linear_regression,50.3+54.4,2,60,3.096328462653786,2.591417223754323,-0.003095632897418928,3.3839812726815155,0.9149957441106673,10.025418495784477
upper_layer_mean_temperature_k,source_name,high_latitude_continental_2020,ridge_regression,50.3+54.4,2,60,3.095063732232022,2.5881441810237464,-0.0032908468434148593,3.3839812726815155,0.9146220037380551,10.062169632424666
upper_layer_mean_temperature_k,source_name,lower_latitude_maritime_2020,mean_baseline,50.3+54.4,2,100,0.32733466425554114,0.2681760367961877,7.105427357601002e-15,0.324061317612984,1.0101010101010155,0.0
upper_layer_mean_temperature_k,source_name,lower_latitude_maritime_2020,linear_regression,50.3+54.4,2,100,0.29915534555527196,0.24732086751801916,0.00041833928155909916,0.324061317612984,0.9231442609652768,8.608718164438079
upper_layer_mean_temperature_k,source_name,lower_latitude_maritime_2020,ridge_regression,50.3+54.4,2,100,0.2990754028471772,0.2473100315852261,0.0004140541258206554,0.324061317612984,0.9228975708984598,8.633140481052969
upper_layer_mean_temperature_k,source_name,winter_midlatitude_maritime_sample,mean_baseline,50.3+54.4,2,80,0.7218569347110927,0.5922586304225949,2.5224267119483555e-14,0.7128337230272038,1.0126582278481016,0.0
upper_layer_mean_temperature_k,source_name,winter_midlatitude_maritime_sample,linear_regression,50.3+54.4,2,80,0.7150254097625273,0.5975157653423583,-0.0031993631528496993,0.7128337230272038,1.0030746114620055,0.9463821181269982
upper_layer_mean_temperature_k,source_name,winter_midlatitude_maritime_sample,ridge_regression,50.3+54.4,2,80,0.7147780524249581,0.5973178072308777,-0.003142427559335914,0.7128337230272038,1.0027276058005465,0.9806489271960483
upper_layer_mean_temperature_k,source_name_pooled,all_sources_pooled,mean_baseline,50.3+54.4,2,240,1.7829855198542681,1.0454691943777834,1.1605531350748303e-14,6.669423297192855,0.2673372854598572,0.0
upper_layer_mean_temperature_k,source_name_pooled,all_sources_pooled,linear_regression,50.3+54.4,2,240,1.613853173727803,0.9500765891852082,-0.001666054574655007,6.669423297192855,0.24197791950123634,9.485906881637995
upper_layer_mean_temperature_k,source_name_pooled,all_sources_pooled,ridge_regression,50.3+54.4,2,240,1.6132038427610624,0.9491878274934068,-0.001697665011540413,6.669423297192855,0.24188056011380415,9.522325066727566
lower_layer_mean_temperature_k,global,all_era5,mean_baseline,52.8+54.4,2,240,14.51978531861896,11.904808138337925,-3.647452710235181e-14,14.459286213124718,1.0041841004184098,0.0
lower_layer_mean_temperature_k,global,all_era5,linear_regression,52.8+54.4,2,240,1.3612436262583796,1.0832707477326229,1.4277178689188948e-05,14.459286213124718,0.09414321054263221,90.62490528346288
lower_layer_mean_temperature_k,global,all_era5,ridge_regression,52.8+54.4,2,240,1.4446946313872242,1.1563218102713528,0.0006099190287734757,14.459286213124718,0.09991465761815216,90.05016534552568
lower_layer_mean_temperature_k,source_name,high_latitude_continental_2020,mean_baseline,52.8+54.4,2,60,1.9628582456336663,1.6880731119274397,-1.3737159558028604e-14,1.9301439415397743,1.0169491525423715,0.0
lower_layer_mean_temperature_k,source_name,high_latitude_continental_2020,linear_regression,52.8+54.4,2,60,0.9066981282481784,0.6636705829710081,0.0018599965746574298,1.9301439415397743,0.4697567413158104,53.807253770611915
lower_layer_mean_temperature_k,source_name,high_latitude_continental_2020,ridge_regression,52.8+54.4,2,60,0.9064700795943027,0.6598087147527034,0.0016693422474276076,1.9301439415397743,0.4696385902033634,53.81887196333588
lower_layer_mean_temperature_k,source_name,lower_latitude_maritime_2020,mean_baseline,52.8+54.4,2,100,0.440528023832331,0.33445630930890957,-6.8212102632969615e-15,0.43612274359400777,1.01010101010101,0.0
lower_layer_mean_temperature_k,source_name,lower_latitude_maritime_2020,linear_regression,52.8+54.4,2,100,0.3331439444378829,0.254758610432296,0.00016364505510352956,0.43612274359400777,0.7638765676206304,24.376219805557575
lower_layer_mean_temperature_k,source_name,lower_latitude_maritime_2020,ridge_regression,52.8+54.4,2,100,0.3330615702348253,0.25472650482537235,0.00017315681388595293,0.43612274359400777,0.7636876891356911,24.394918775566566
lower_layer_mean_temperature_k,source_name,winter_midlatitude_maritime_sample,mean_baseline,52.8+54.4,2,80,1.3913005148696294,1.1542713149187371,-7.105427357601002e-16,1.3739092584337618,1.0126582278480991,0.0
lower_layer_mean_temperature_k,source_name,winter_midlatitude_maritime_sample,linear_regression,52.8+54.4,2,80,1.0390929760354484,0.8409063316082438,0.002891742154393739,1.3739092584337618,0.7563039332160848,25.31498659491147
lower_layer_mean_temperature_k,source_name,winter_midlatitude_maritime_sample,ridge_regression,52.8+54.4,2,80,1.0388641145034763,0.8409475425380755,0.0028409166346087034,1.3739092584337618,0.7561373563256772,25.33143606283922
lower_layer_mean_temperature_k,source_name_pooled,all_sources_pooled,mean_baseline,52.8+54.4,2,240,1.2997317244650368,0.9461321785001513,-6.5133084111342514e-15,14.459286213124718,0.08988906542878086,0.0
lower_layer_mean_temperature_k,source_name_pooled,all_sources_pooled,linear_regression,52.8+54.4,2,240,0.7820957836303911,0.55236917729229,0.0014970986347554078,14.459286213124718,0.05408951535384101,39.82636809513148
lower_layer_mean_temperature_k,source_name_pooled,all_sources_pooled,ridge_regression,52.8+54.4,2,240,0.7819137131128936,0.5514040698781062,0.0014364564458456167,14.459286213124718,0.054076923410171465,39.84037641039151
upper_layer_mean_temperature_k,global,all_era5,mean_baseline,52.8+54.4,2,240,6.697328834001193,6.314122417112401,-2.2500519965736505e-15,6.669423297192855,1.00418410041841,0.0
upper_layer_mean_temperature_k,global,all_era5,linear_regression,52.8+54.4,2,240,3.216148412333637,2.543346502497592,0.0012543980193921555,6.669423297192855,0.48222286530940484,51.978639662938434
upper_layer_mean_temperature_k,global,all_era5,ridge_regression,52.8+54.4,2,240,3.265842975159001,2.6869182421473425,-0.0003968894953877348,6.669423297192855,0.4896739687423329,51.23663394607602
upper_layer_mean_temperature_k,source_name,high_latitude_continental_2020,mean_baseline,52.8+54.4,2,60,3.441336887472731,2.945238542287361,9.473903143468002e-16,3.3839812726815155,1.016949152542374,0.0
upper_layer_mean_temperature_k,source_name,high_latitude_continental_2020,linear_regression,52.8+54.4,2,60,3.228673056029713,2.7574736562981186,-0.009637555575846573,3.3839812726815155,0.9541048829360884,6.179686511284732
upper_layer_mean_temperature_k,source_name,high_latitude_continental_2020,ridge_regression,52.8+54.4,2,60,3.2265933151170842,2.751804489990553,-0.010098813953833977,3.3839812726815155,0.9534902988869928,6.2401206094458095
upper_layer_mean_temperature_k,source_name,lower_latitude_maritime_2020,mean_baseline,52.8+54.4,2,100,0.32733466425554114,0.2681760367961877,7.105427357601002e-15,0.324061317612984,1.0101010101010155,0.0
upper_layer_mean_temperature_k,source_name,lower_latitude_maritime_2020,linear_regression,52.8+54.4,2,100,0.32203011742514726,0.26080260041673964,0.00016589813932853302,0.324061317612984,0.9937320498392143,1.620527065918309
upper_layer_mean_temperature_k,source_name,lower_latitude_maritime_2020,ridge_regression,52.8+54.4,2,100,0.32196590158896954,0.26075193959684784,0.0001648969540718781,0.324061317612984,0.993533890316039,1.6401448587126555
upper_layer_mean_temperature_k,source_name,winter_midlatitude_maritime_sample,mean_baseline,52.8+54.4,2,80,0.7218569347110927,0.5922586304225949,2.5224267119483555e-14,0.7128337230272038,1.0126582278481016,0.0
upper_layer_mean_temperature_k,source_name,winter_midlatitude_maritime_sample,linear_regression,52.8+54.4,2,80,0.696200201288741,0.5759432188667002,0.0010258612993613524,0.7128337230272038,0.976665635756085,3.55426846908663
upper_layer_mean_temperature_k,source_name,winter_midlatitude_maritime_sample,ridge_regression,52.8+54.4,2,80,0.6959394245406668,0.5758353984965972,0.000999694126201689,0.7128337230272038,0.9762998046517893,3.5903942906358233
upper_layer_mean_temperature_k,source_name_pooled,all_sources_pooled,mean_baseline,52.8+54.4,2,240,1.7829855198542681,1.0454691943777834,1.1605531350748303e-14,6.669423297192855,0.2673372854598572,0.0
upper_layer_mean_temperature_k,source_name_pooled,all_sources_pooled,linear_regression,52.8+54.4,2,240,1.6765610877611683,0.9900172372037379,-0.001998310902787637,6.669423297192855,0.25138021880644895,5.968889309981518
upper_layer_mean_temperature_k,source_name_pooled,all_sources_pooled,ridge_regression,52.8+54.4,2,240,1.6755185814876525,0.9885428968285238,-0.0021227650488613156,6.669423297192855,0.25122390749929974,6.0273590093653295
lower_layer_mean_temperature_k,global,all_era5,mean_baseline,50.3,1,240,14.51978531861896,11.904808138337925,-3.647452710235181e-14,14.459286213124718,1.0041841004184098,0.0
lower_layer_mean_temperature_k,global,all_era5,linear_regression,50.3,1,240,1.727751949612251,1.4043239919526513,0.0036606514292357654,14.459286213124718,0.11949081885134605,88.10070595605345
lower_layer_mean_temperature_k,global,all_era5,ridge_regression,50.3,1,240,1.7288296334263777,1.3895619540234572,0.003645398714938253,14.459286213124718,0.11956535114832406,88.09328378147939
lower_layer_mean_temperature_k,source_name,high_latitude_continental_2020,mean_baseline,50.3,1,60,1.9628582456336663,1.6880731119274397,-1.3737159558028604e-14,1.9301439415397743,1.0169491525423715,0.0
lower_layer_mean_temperature_k,source_name,high_latitude_continental_2020,linear_regression,50.3,1,60,1.1840425371503471,1.0258502103917384,-0.010153515662551153,1.9301439415397743,0.6134477909485735,39.67763389005686
lower_layer_mean_temperature_k,source_name,high_latitude_continental_2020,ridge_regression,50.3,1,60,1.1837475326554148,1.0290981959824597,-0.009984290401502468,1.9301439415397743,0.613294950277687,39.69266322269404
lower_layer_mean_temperature_k,source_name,lower_latitude_maritime_2020,mean_baseline,50.3,1,100,0.440528023832331,0.33445630930890957,-6.8212102632969615e-15,0.43612274359400777,1.01010101010101,0.0
lower_layer_mean_temperature_k,source_name,lower_latitude_maritime_2020,linear_regression,50.3,1,100,0.2531168795131272,0.20572217800955173,0.001258313829069948,0.43612274359400777,0.5803799119193769,42.54238871998167
lower_layer_mean_temperature_k,source_name,lower_latitude_maritime_2020,ridge_regression,50.3,1,100,0.25312290415846894,0.20572673672360453,0.0012457306907822385,0.43612274359400777,0.5803937260243054,42.54102112359375
lower_layer_mean_temperature_k,source_name,winter_midlatitude_maritime_sample,mean_baseline,50.3,1,80,1.3913005148696294,1.1542713149187371,-7.105427357601002e-16,1.3739092584337618,1.0126582278480991,0.0
lower_layer_mean_temperature_k,source_name,winter_midlatitude_maritime_sample,linear_regression,50.3,1,80,1.2788441619668627,1.0219045788609336,0.0007434683771293749,1.3739092584337618,0.9308068594171408,8.082822632557162
lower_layer_mean_temperature_k,source_name,winter_midlatitude_maritime_sample,ridge_regression,50.3,1,80,1.2786986824182263,1.0213923383586931,0.0007341750223716304,1.3739092584337618,0.9307009721121798,8.09327900392205
lower_layer_mean_temperature_k,source_name_pooled,all_sources_pooled,mean_baseline,50.3,1,240,1.2997317244650368,0.9461321785001513,-6.5133084111342514e-15,14.459286213124718,0.08988906542878086,0.0
lower_layer_mean_temperature_k,source_name_pooled,all_sources_pooled,linear_regression,50.3,1,240,0.9603810235701382,0.6828149863888924,-0.0017662586944821848,14.459286213124718,0.06641967033603628,26.10928813287017
lower_layer_mean_temperature_k,source_name_pooled,all_sources_pooled,ridge_regression,50.3,1,240,0.9602261872394037,0.6834581354166811,-0.0017322931384258075,14.459286213124718,0.06640896190074755,26.121201078274204
upper_layer_mean_temperature_k,global,all_era5,mean_baseline,50.3,1,240,6.697328834001193,6.314122417112401,-2.2500519965736505e-15,6.669423297192855,1.00418410041841,0.0
upper_layer_mean_temperature_k,global,all_era5,linear_regression,50.3,1,240,4.404529177457861,3.92638667175077,-0.012276242472265154,6.669423297192855,0.6604063021928324,34.23453907329711
upper_layer_mean_temperature_k,global,all_era5,ridge_regression,50.3,1,240,4.404480093447188,3.9317679012925524,-0.012225091461964866,6.669423297192855,0.6603989426343689,34.235271962660754
upper_layer_mean_temperature_k,source_name,high_latitude_continental_2020,mean_baseline,50.3,1,60,3.441336887472731,2.945238542287361,9.473903143468002e-16,3.3839812726815155,1.016949152542374,0.0
upper_layer_mean_temperature_k,source_name,high_latitude_continental_2020,linear_regression,50.3,1,60,3.2077840849976424,2.704960507813005,0.017178040418350804,3.3839812726815155,0.9479319849946297,6.78668814219483
upper_layer_mean_temperature_k,source_name,high_latitude_continental_2020,ridge_regression,50.3,1,60,3.207130100355202,2.705515316728589,0.01689173974471032,3.3839812726815155,0.9477387260520582,6.805691938214364
upper_layer_mean_temperature_k,source_name,lower_latitude_maritime_2020,mean_baseline,50.3,1,100,0.32733466425554114,0.2681760367961877,7.105427357601002e-15,0.324061317612984,1.0101010101010155,0.0
upper_layer_mean_temperature_k,source_name,lower_latitude_maritime_2020,linear_regression,50.3,1,100,0.29536688761843627,0.24421697875350445,-3.755159932779861e-05,0.324061317612984,0.911453702015689,9.766083500447277
upper_layer_mean_temperature_k,source_name,lower_latitude_maritime_2020,ridge_regression,50.3,1,100,0.29534378563333447,0.24422967738623186,-3.7176083330905386e-05,0.324061317612984,0.9113824130841004,9.773141104674533
upper_layer_mean_temperature_k,source_name,winter_midlatitude_maritime_sample,mean_baseline,50.3,1,80,0.7218569347110927,0.5922586304225949,2.5224267119483555e-14,0.7128337230272038,1.0126582278481016,0.0
upper_layer_mean_temperature_k,source_name,winter_midlatitude_maritime_sample,linear_regression,50.3,1,80,0.7228165852421089,0.5970886287775855,-0.002798804062920368,0.7128337230272038,1.01400447522672,-0.13294192863857468
upper_layer_mean_temperature_k,source_name,winter_midlatitude_maritime_sample,ridge_regression,50.3,1,80,0.72277229145437,0.5969942678500544,-0.0027638190121294314,0.7128337230272038,1.0139423376113015,-0.1268058391159954
upper_layer_mean_temperature_k,source_name_pooled,all_sources_pooled,mean_baseline,50.3,1,240,1.7829855198542681,1.0454691943777834,1.1605531350748303e-14,6.669423297192855,0.2673372854598572,0.0
upper_layer_mean_temperature_k,source_name_pooled,all_sources_pooled,linear_regression,50.3,1,240,1.6682250913022236,0.9770267443597399,0.003345928917227662,6.669423297192855,0.250130336157307,6.436419548792771
upper_layer_mean_temperature_k,source_name_pooled,all_sources_pooled,ridge_regression,50.3,1,240,1.6679026086063664,0.9771392840430954,0.003286171897413226,6.669423297192855,0.2500819837463882,6.454506218160871
lower_layer_mean_temperature_k,global,all_era5,mean_baseline,52.8,1,240,14.51978531861896,11.904808138337925,-3.647452710235181e-14,14.459286213124718,1.0041841004184098,0.0
lower_layer_mean_temperature_k,global,all_era5,linear_regression,52.8,1,240,1.6414594305376575,1.3552044143554332,0.004139089082296011,14.459286213124718,0.11352285350349467,88.69501583861033
lower_layer_mean_temperature_k,global,all_era5,ridge_regression,52.8,1,240,1.642623090266048,1.3461980447389397,0.004121842877833141,14.459286213124718,0.11360333186952452,88.68700153465984
lower_layer_mean_temperature_k,source_name,high_latitude_continental_2020,mean_baseline,52.8,1,60,1.9628582456336663,1.6880731119274397,-1.3737159558028604e-14,1.9301439415397743,1.0169491525423715,0.0
lower_layer_mean_temperature_k,source_name,high_latitude_continental_2020,linear_regression,52.8,1,60,0.9229962471068552,0.6939139391698788,-0.003666601022356512,1.9301439415397743,0.47820073272386826,52.976927948819565
lower_layer_mean_temperature_k,source_name,high_latitude_continental_2020,ridge_regression,52.8,1,60,0.9231300474629366,0.6927333002710497,-0.003605491005310076,1.9301439415397743,0.47827005416316704,52.97011134062184
lower_layer_mean_temperature_k,source_name,lower_latitude_maritime_2020,mean_baseline,52.8,1,100,0.440528023832331,0.33445630930890957,-6.8212102632969615e-15,0.43612274359400777,1.01010101010101,0.0
lower_layer_mean_temperature_k,source_name,lower_latitude_maritime_2020,linear_regression,52.8,1,100,0.35616811090036443,0.26699853213299035,0.000682701560540977,0.43612274359400777,0.8166694265133897,19.149726775174404
lower_layer_mean_temperature_k,source_name,lower_latitude_maritime_2020,ridge_regression,52.8,1,100,0.3561415295499717,0.26698095094947294,0.0006758745449388925,0.43612274359400777,0.816608477271959,19.155760750076045
lower_layer_mean_temperature_k,source_name,winter_midlatitude_maritime_sample,mean_baseline,52.8,1,80,1.3913005148696294,1.1542713149187371,-7.105427357601002e-16,1.3739092584337618,1.0126582278480991,0.0
lower_layer_mean_temperature_k,source_name,winter_midlatitude_maritime_sample,linear_regression,52.8,1,80,1.0658078368855288,0.8606349129485906,0.0009808189136052193,1.3739092584337618,0.7757483475295418,23.3948506814576
lower_layer_mean_temperature_k,source_name,winter_midlatitude_maritime_sample,ridge_regression,52.8,1,80,1.0657430164776274,0.8605986890113144,0.000968558677172382,1.3739092584337618,0.7757011679887508,23.399509661110706
lower_layer_mean_temperature_k,source_name_pooled,all_sources_pooled,mean_baseline,52.8,1,240,1.2997317244650368,0.9461321785001513,-6.5133084111342514e-15,14.459286213124718,0.08988906542878086,0.0
lower_layer_mean_temperature_k,source_name_pooled,all_sources_pooled,linear_regression,52.8,1,240,0.8027987612771816,0.5716061774974126,-0.00030525163416198116,14.459286213124718,0.0555213272248861,38.23350264012293
lower_layer_mean_temperature_k,source_name_pooled,all_sources_pooled,ridge_regression,52.8,1,240,0.802803624162486,0.5712916176338143,-0.00029690546521218646,14.459286213124718,0.05552166354060962,38.23312849481181
upper_layer_mean_temperature_k,global,all_era5,mean_baseline,52.8,1,240,6.697328834001193,6.314122417112401,-2.2500519965736505e-15,6.669423297192855,1.00418410041841,0.0
upper_layer_mean_temperature_k,global,all_era5,linear_regression,52.8,1,240,4.419061394076771,3.9310291129694703,-0.012382383427550773,6.669423297192855,0.662585233709299,34.01755380978231
upper_layer_mean_temperature_k,global,all_era5,ridge_regression,52.8,1,240,4.419007096597295,3.937200946060695,-0.012330790163251967,6.669423297192855,0.6625770924537426,34.018364543148124
upper_layer_mean_temperature_k,source_name,high_latitude_continental_2020,mean_baseline,52.8,1,60,3.441336887472731,2.945238542287361,9.473903143468002e-16,3.3839812726815155,1.016949152542374,0.0
upper_layer_mean_temperature_k,source_name,high_latitude_continental_2020,linear_regression,52.8,1,60,3.3674339662470487,2.8736685170110534,0.0004970916617978105,3.3839812726815155,0.9951101069713206,2.147506147820233
upper_layer_mean_temperature_k,source_name,high_latitude_continental_2020,ridge_regression,52.8,1,60,3.3667418179972928,2.8731296337403904,0.0004888068007678233,3.3839812726815155,0.994905570304601,2.1676189200476648
upper_layer_mean_temperature_k,source_name,lower_latitude_maritime_2020,mean_baseline,52.8,1,100,0.32733466425554114,0.2681760367961877,7.105427357601002e-15,0.324061317612984,1.0101010101010155,0.0
upper_layer_mean_temperature_k,source_name,lower_latitude_maritime_2020,linear_regression,52.8,1,100,0.3209454714288184,0.25945401677612695,-4.245574964926391e-05,0.324061317612984,0.9903850104445765,1.9518839659874443
upper_layer_mean_temperature_k,source_name,lower_latitude_maritime_2020,ridge_regression,52.8,1,100,0.32092254844456486,0.2594303295914585,-4.2031192153331174e-05,0.324061317612984,0.9903142738802053,1.9588868858601893
upper_layer_mean_temperature_k,source_name,winter_midlatitude_maritime_sample,mean_baseline,52.8,1,80,0.7218569347110927,0.5922586304225949,2.5224267119483555e-14,0.7128337230272038,1.0126582278481016,0.0
upper_layer_mean_temperature_k,source_name,winter_midlatitude_maritime_sample,linear_regression,52.8,1,80,0.6974342001621968,0.5653233475457501,0.00016558510621926813,0.7128337230272038,0.978396753173223,3.383320624144248
upper_layer_mean_temperature_k,source_name,winter_midlatitude_maritime_sample,ridge_regression,52.8,1,80,0.6973183372952909,0.5653568276809338,0.00016351529238676222,0.7128337230272038,0.9782342147534443,3.3993712930974085
upper_layer_mean_temperature_k,source_name_pooled,all_sources_pooled,mean_baseline,52.8,1,240,1.7829855198542681,1.0454691943777834,1.1605531350748303e-14,6.669423297192855,0.2673372854598572,0.0
upper_layer_mean_temperature_k,source_name_pooled,all_sources_pooled,linear_regression,52.8,1,240,1.74354816355136,1.0149640854247328,0.00016177805516868205,6.669423297192855,0.2614241270733581,2.211871934110343
upper_layer_mean_temperature_k,source_name_pooled,all_sources_pooled,ridge_regression,52.8,1,240,1.7431967586345736,1.01483065499185,0.00015919380092365524,6.669423297192855,0.26137143812243574,2.231580726631288
lower_layer_mean_temperature_k,global,all_era5,mean_baseline,54.4,1,240,14.51978531861896,11.904808138337925,-3.647452710235181e-14,14.459286213124718,1.0041841004184098,0.0
lower_layer_mean_temperature_k,global,all_era5,linear_regression,54.4,1,240,3.6033676829509904,3.0438794195100143,0.008893741082215457,14.459286213124718,0.24920785368230747,75.18305123747021
lower_layer_mean_temperature_k,global,all_era5,ridge_regression,54.4,1,240,3.6038704809912554,3.037074156632548,0.00885668382769822,14.459286213124718,0.2492426270475244,75.17958838985068
lower_layer_mean_temperature_k,source_name,high_latitude_continental_2020,mean_baseline,54.4,1,60,1.9628582456336663,1.6880731119274397,-1.3737159558028604e-14,1.9301439415397743,1.0169491525423715,0.0
lower_layer_mean_temperature_k,source_name,high_latitude_continental_2020,linear_regression,54.4,1,60,1.573301297506065,1.3110396208060304,0.000215488070705779,1.9301439415397743,0.8151212267883825,19.84641269914228
lower_layer_mean_temperature_k,source_name,high_latitude_continental_2020,ridge_regression,54.4,1,60,1.5730331146801955,1.3126036978996538,0.00021189660286940654,1.9301439415397743,0.8149822823189584,19.860075571968995
lower_layer_mean_temperature_k,source_name,lower_latitude_maritime_2020,mean_baseline,54.4,1,100,0.440528023832331,0.33445630930890957,-6.8212102632969615e-15,0.43612274359400777,1.01010101010101,0.0
lower_layer_mean_temperature_k,source_name,lower_latitude_maritime_2020,linear_regression,54.4,1,100,0.3864010893747198,0.31073109012365535,0.0007634078618707462,0.43612274359400777,0.8859916045433885,12.286831150204513
lower_layer_mean_temperature_k,source_name,lower_latitude_maritime_2020,ridge_regression,54.4,1,100,0.3863686451854171,0.31063913703434254,0.0007557737832524935,0.43612274359400777,0.8859172122082507,12.29419599138316
lower_layer_mean_temperature_k,source_name,winter_midlatitude_maritime_sample,mean_baseline,54.4,1,80,1.3913005148696294,1.1542713149187371,-7.105427357601002e-16,1.3739092584337618,1.0126582278480991,0.0
lower_layer_mean_temperature_k,source_name,winter_midlatitude_maritime_sample,linear_regression,54.4,1,80,1.3065001417609834,1.0772619012592137,0.001007605034845227,1.3739092584337618,0.9509362672541971,6.095043608647854
lower_layer_mean_temperature_k,source_name,winter_midlatitude_maritime_sample,ridge_regression,54.4,1,80,1.3063316009138801,1.0772887688619825,0.0009950099718572859,1.3739092584337618,0.9508135947806923,6.107157515406447
lower_layer_mean_temperature_k,source_name_pooled,all_sources_pooled,mean_baseline,54.4,1,240,1.2997317244650368,0.9461321785001513,-6.5133084111342514e-15,14.459286213124718,0.08988906542878086,0.0
lower_layer_mean_temperature_k,source_name_pooled,all_sources_pooled,linear_regression,54.4,1,240,1.1180388488047024,0.8163184931727686,0.0007078269717376647,14.459286213124718,0.07732323935809893,13.979259891891793
lower_layer_mean_temperature_k,source_name_pooled,all_sources_pooled,ridge_regression,54.4,1,240,1.1178741802985697,0.8166801545265503,0.0006995498843583193,14.459286213124718,0.07731185093243907,13.991929314591346
upper_layer_mean_temperature_k,global,all_era5,mean_baseline,54.4,1,240,6.697328834001193,6.314122417112401,-2.2500519965736505e-15,6.669423297192855,1.00418410041841,0.0
upper_layer_mean_temperature_k,global,all_era5,linear_regression,54.4,1,240,3.8595678153144783,3.2674142663786117,-0.00925441786101923,6.669423297192855,0.578695884686006,42.37153481668523
upper_layer_mean_temperature_k,global,all_era5,ridge_regression,54.4,1,240,3.8595295618615393,3.276388713178323,-0.009215857786602536,6.669423297192855,0.5786901490397237,42.37210599146084
upper_layer_mean_temperature_k,source_name,high_latitude_continental_2020,mean_baseline,54.4,1,60,3.441336887472731,2.945238542287361,9.473903143468002e-16,3.3839812726815155,1.016949152542374,0.0
upper_layer_mean_temperature_k,source_name,high_latitude_continental_2020,linear_regression,54.4,1,60,3.4699696931526396,2.945539203805188,-0.03002346376033671,3.3839812726815155,1.0254104303606224,-0.8320256521277658
upper_layer_mean_temperature_k,source_name,high_latitude_continental_2020,ridge_regression,54.4,1,60,3.4691277235374116,2.9453870110791893,-0.0295230726976655,3.3839812726815155,1.025161619995735,-0.8075592995805181
upper_layer_mean_temperature_k,source_name,lower_latitude_maritime_2020,mean_baseline,54.4,1,100,0.32733466425554114,0.2681760367961877,7.105427357601002e-15,0.324061317612984,1.0101010101010155,0.0
upper_layer_mean_temperature_k,source_name,lower_latitude_maritime_2020,linear_regression,54.4,1,100,0.3248540476464037,0.2641577754625965,0.00018639746595937366,0.324061317612984,1.0024462346794702,0.7578227667329851
upper_layer_mean_temperature_k,source_name,lower_latitude_maritime_2020,ridge_regression,54.4,1,100,0.3248195757918395,0.2641624118482738,0.00018453349129998742,0.324061317612984,1.0023398601981897,0.7683538403797541
upper_layer_mean_temperature_k,source_name,winter_midlatitude_maritime_sample,mean_baseline,54.4,1,80,0.7218569347110927,0.5922586304225949,2.5224267119483555e-14,0.7128337230272038,1.0126582278481016,0.0
upper_layer_mean_temperature_k,source_name,winter_midlatitude_maritime_sample,linear_regression,54.4,1,80,0.7096141764223638,0.5917021132485967,-8.02176045649361e-05,0.7128337230272038,0.9954834535729209,1.696008959674089
upper_layer_mean_temperature_k,source_name,winter_midlatitude_maritime_sample,ridge_regression,54.4,1,80,0.7094960189633821,0.5916117525474792,-7.921488453099812e-05,0.7128337230272038,0.9953176961807483,1.7123775021511412
upper_layer_mean_temperature_k,source_name_pooled,all_sources_pooled,mean_baseline,54.4,1,240,1.7829855198542681,1.0454691943777834,1.1605531350748303e-14,6.669423297192855,0.2673372854598572,0.0
upper_layer_mean_temperature_k,source_name_pooled,all_sources_pooled,linear_regression,54.4,1,240,1.7949913856124098,1.043684578476911,-0.0074549395307894175,6.669423297192855,0.2691374209773006,-0.673357445949585
upper_layer_mean_temperature_k,source_name_pooled,all_sources_pooled,ridge_regression,54.4,1,240,1.7945663049521439,1.0436183418890712,-0.007330284181218379,6.669423297192855,0.26907368523264563,-0.6495164974094747
