profile_index,profile_id,valid_time,latitude,longitude,region_name,sample_group,frequency_ghz,tb_base_k,tb_humid_k,tb_dry_k,dTb_humid_k,dTb_dry_k,nedt_k,humid_ratio,dry_ratio,surface_temperature_k,min_temperature_k,max_temperature_k,mean_temperature_k,min_h2o_vmr,max_h2o_vmr
0,t00_loc00,2020-01-01T00:00:00.000000000,58.0,10.0,northern_sector_west,northern_sector_west_loc00,50.3,271.0910799653781,271.0740912237004,271.10781047662675,-0.016988741677721464,0.01673051124862468,0.3,0.05662913892573822,0.055768370828748935,278.3916015625,196.34347534179688,278.5409240722656,238.85177983464422,4.652368116917511e-06,0.007384109256861786
0,t00_loc00,2020-01-01T00:00:00.000000000,58.0,10.0,northern_sector_west,northern_sector_west_loc00,52.8,259.68189287360923,259.6692927166118,259.6943039222615,-0.01260015699745054,0.012411048652268164,0.5,0.02520031399490108,0.024822097304536328,278.3916015625,196.34347534179688,278.5409240722656,238.85177983464422,4.652368116917511e-06,0.007384109256861786
0,t00_loc00,2020-01-01T00:00:00.000000000,58.0,10.0,northern_sector_west,northern_sector_west_loc00,54.4,230.85686415717507,230.85391532509286,230.85977174223174,-0.0029488320822110836,0.0029075850566755435,0.7,0.004212617260301549,0.004153692938107919,278.3916015625,196.34347534179688,278.5409240722656,238.85177983464422,4.652368116917511e-06,0.007384109256861786
1,t00_loc01,2020-01-01T00:00:00.000000000,58.0,10.25,northern_sector_west,northern_sector_west_loc01,50.3,271.03239470617694,271.0150657664647,271.04945644214763,-0.01732893971222893,0.017061735970685277,0.3,0.057763132374096436,0.05687245323561759,278.3447265625,196.25460815429688,278.3447265625,238.74166581437393,4.64946695230074e-06,0.007328404064078214
1,t00_loc01,2020-01-01T00:00:00.000000000,58.0,10.25,northern_sector_west,northern_sector_west_loc01,52.8,259.62735777581145,259.6146440122744,259.639878533982,-0.012713763537021805,0.012520758170580848,0.5,0.02542752707404361,0.025041516341161696,278.3447265625,196.25460815429688,278.3447265625,238.74166581437393,4.64946695230074e-06,0.007328404064078214
1,t00_loc01,2020-01-01T00:00:00.000000000,58.0,10.25,northern_sector_west,northern_sector_west_loc01,54.4,230.8609973511999,230.85809685737067,230.8638571765278,-0.0029004938292302995,0.002859825327902854,0.7,0.004143562613186142,0.004085464754146935,278.3447265625,196.25460815429688,278.3447265625,238.74166581437393,4.64946695230074e-06,0.007328404064078214
2,t00_loc02,2020-01-01T00:00:00.000000000,58.0,11.0,northern_sector_east,northern_sector_east_loc00,50.3,270.82359603362175,270.8053007251356,270.841599046483,-0.018295308486131034,0.01800301286124295,0.3,0.060984361620436786,0.06001004287080984,278.2158203125,195.20675659179688,278.2158203125,238.3873583819415,4.640716665536151e-06,0.007025960998650036
2,t00_loc02,2020-01-01T00:00:00.000000000,58.0,11.0,northern_sector_east,northern_sector_east_loc00,52.8,259.396264826255,259.3834164604989,259.40891295690227,-0.012848365756099156,0.012648130647278322,0.5,0.025696731512198312,0.025296261294556643,278.2158203125,195.20675659179688,278.2158203125,238.3873583819415,4.640716665536151e-06,0.007025960998650036
2,t00_loc02,2020-01-01T00:00:00.000000000,58.0,11.0,northern_sector_east,northern_sector_east_loc00,54.4,230.85703210835194,230.8543837678865,230.85964338112666,-0.002648340465441379,0.0026112727747147346,0.7,0.003783343522059113,0.0037303896781639067,278.2158203125,195.20675659179688,278.2158203125,238.3873583819415,4.640716665536151e-06,0.007025960998650036
3,t00_loc03,2020-01-01T00:00:00.000000000,58.0,10.75,northern_sector_east,northern_sector_east_loc01,50.3,270.84832559858273,270.83045433582765,270.86591472829235,-0.017871262755079442,0.01758912970962001,0.3,0.05957087585026481,0.05863043236540004,278.1865234375,195.66867065429688,278.1865234375,238.49892404917125,4.643711416075878e-06,0.007168273036108604
3,t00_loc03,2020-01-01T00:00:00.000000000,58.0,10.75,northern_sector_east,northern_sector_east_loc01,52.8,259.45931671809524,259.446549203794,259.4718870241419,-0.012767514301231131,0.012570306046654878,0.5,0.025535028602462262,0.025140612093309755,278.1865234375,195.66867065429688,278.1865234375,238.49892404917125,4.643711416075878e-06,0.007168273036108604
3,t00_loc03,2020-01-01T00:00:00.000000000,58.0,10.75,northern_sector_east,northern_sector_east_loc01,54.4,230.86224957405005,230.859510123588,230.86495067508582,-0.0027394504620588123,0.0027011010357682608,0.7,0.003913500660084018,0.00385871576538323,278.1865234375,195.66867065429688,278.1865234375,238.49892404917125,4.643711416075878e-06,0.007168273036108604
4,t00_loc04,2020-01-01T00:00:00.000000000,57.0,10.0,southern_sector_west,southern_sector_west_loc00,50.3,270.6441702550902,270.62994192035853,270.65818632719805,-0.01422833473168339,0.014016072107835953,0.3,0.04742778243894463,0.04672024035945318,277.7451171875,195.64035034179688,277.7451171875,239.19035628035263,4.651572636295742e-06,0.007192251989745268
4,t00_loc04,2020-01-01T00:00:00.000000000,57.0,10.0,southern_sector_west,southern_sector_west_loc00,52.8,259.5407036544562,259.53073842317195,259.5505272181568,-0.009965231284240872,0.009823563700592786,0.5,0.019930462568481744,0.01964712740118557,277.7451171875,195.64035034179688,277.7451171875,239.19035628035263,4.651572636295742e-06,0.007192251989745268
4,t00_loc04,2020-01-01T00:00:00.000000000,57.0,10.0,southern_sector_west,southern_sector_west_loc00,54.4,231.24059399086295,231.23844315839202,231.2427185326494,-0.0021508324709316184,0.002124541786457712,0.7,0.003072617815616598,0.003035059694939589,277.7451171875,195.64035034179688,277.7451171875,239.19035628035263,4.651572636295742e-06,0.007192251989745268
5,t00_loc05,2020-01-01T00:00:00.000000000,57.0,10.25,southern_sector_west,southern_sector_west_loc01,50.3,270.6496893905928,270.6351060865927,270.6640542914117,-0.014583304000097996,0.01436490081886177,0.3,0.04861101333365999,0.047883002729539235,277.7880859375,195.55734252929688,277.7880859375,239.17940294420396,4.650168846965128e-06,0.007036788206864974
5,t00_loc05,2020-01-01T00:00:00.000000000,57.0,10.25,southern_sector_west,southern_sector_west_loc01,52.8,259.50826264321074,259.49807900748465,259.51830029124034,-0.010183635726093598,0.010037648029594948,0.5,0.020367271452187197,0.020075296059189895,277.7880859375,195.55734252929688,277.7880859375,239.17940294420396,4.650168846965128e-06,0.007036788206864974
5,t00_loc05,2020-01-01T00:00:00.000000000,57.0,10.25,southern_sector_west,southern_sector_west_loc01,54.4,231.2232557714352,231.22109074869857,231.22539386363005,-0.0021650227366194486,0.002138092194854835,0.7,0.0030928896237420694,0.0030544174212211927,277.7880859375,195.55734252929688,277.7880859375,239.17940294420396,4.650168846965128e-06,0.007036788206864974
6,t00_loc06,2020-01-01T00:00:00.000000000,57.0,11.0,southern_sector_east,southern_sector_east_loc00,50.3,270.6531155931127,270.6369400509579,270.66904037618195,-0.016175542154826417,0.015924783069237947,0.3,0.05391847384942139,0.05308261023079316,277.9482421875,195.39620971679688,277.9482421875,239.1075072417388,4.647595233198703e-06,0.006761512857011655
6,t00_loc06,2020-01-01T00:00:00.000000000,57.0,11.0,southern_sector_east,southern_sector_east_loc00,52.8,259.3616455811308,259.3505225684818,259.37260231255095,-0.011123012649022712,0.0109567314201513,0.5,0.022246025298045424,0.0219134628403026,277.9482421875,195.39620971679688,277.9482421875,239.1075072417388,4.647595233198703e-06,0.006761512857011655
6,t00_loc06,2020-01-01T00:00:00.000000000,57.0,11.0,southern_sector_east,southern_sector_east_loc00,54.4,231.13162609235036,231.1293849631272,231.1338377903524,-0.002241129223165217,0.0022116980020427945,0.7,0.00320161317595031,0.0031595685743468493,277.9482421875,195.39620971679688,277.9482421875,239.1075072417388,4.647595233198703e-06,0.006761512857011655
7,t00_loc07,2020-01-01T00:00:00.000000000,57.0,10.75,southern_sector_east,southern_sector_east_loc01,50.3,270.6854317199108,270.66964168980377,270.7009788675659,-0.015790030107041275,0.015547147655070148,0.3,0.052633433690137586,0.0518238255169005,277.9443359375,195.43234252929688,277.9443359375,239.1295458819415,4.64857788572673e-06,0.006876714995531997
7,t00_loc07,2020-01-01T00:00:00.000000000,57.0,10.75,southern_sector_east,southern_sector_east_loc01,52.8,259.42577306195506,259.41486828328505,259.4365163727391,-0.010904778670010273,0.010743310784050664,0.5,0.021809557340020547,0.021486621568101327,277.9443359375,195.43234252929688,277.9443359375,239.1295458819415,4.64857788572673e-06,0.006876714995531997
7,t00_loc07,2020-01-01T00:00:00.000000000,57.0,10.75,southern_sector_east,southern_sector_east_loc01,54.4,231.16409501678217,231.1618623598663,231.16629871066274,-0.002232656915879261,0.0022036938805740647,0.7,0.0031895098798275156,0.0031481341151058067,277.9443359375,195.43234252929688,277.9443359375,239.1295458819415,4.64857788572673e-06,0.006876714995531997
8,t01_loc00,2020-01-01T06:00:00.000000000,58.0,10.0,northern_sector_west,northern_sector_west_loc00,50.3,271.4641017831268,271.45802660708256,271.4700931333955,-0.006075176044248565,0.005991350268686801,0.3,0.020250586814161885,0.019971167562289338,278.3331298828125,193.97393798828125,278.947509765625,239.43668262378588,4.659125315392628e-06,0.0070598327594999484
8,t01_loc00,2020-01-01T06:00:00.000000000,58.0,10.0,northern_sector_west,northern_sector_west_loc00,52.8,260.4460682415464,260.44186087348464,260.4502271901832,-0.004207368061770467,0.004158948636813875,0.5,0.008414736123540933,0.00831789727362775,278.3331298828125,193.97393798828125,278.947509765625,239.43668262378588,4.659125315392628e-06,0.0070598327594999484
8,t01_loc00,2020-01-01T06:00:00.000000000,58.0,10.0,northern_sector_west,northern_sector_west_loc00,54.4,231.3103684908179,231.30938763188394,231.31134323452503,-0.0009808589339570517,0.0009747437071325749,0.7,0.001401227048510074,0.0013924910101893928,278.3331298828125,193.97393798828125,278.947509765625,239.43668262378588,4.659125315392628e-06,0.0070598327594999484
9,t01_loc01,2020-01-01T06:00:00.000000000,58.0,10.25,northern_sector_west,northern_sector_west_loc01,50.3,271.4365540333757,271.4305891494122,271.44243966002466,-0.0059648839635428885,0.0058856266489328846,0.3,0.019882946545142964,0.01961875549644295,278.2921142578125,193.91827392578125,279.187744140625,239.42876454946156,4.657627940092659e-06,0.007181265576330564
9,t01_loc01,2020-01-01T06:00:00.000000000,58.0,10.25,northern_sector_west,northern_sector_west_loc01,52.8,260.4266159592453,260.4224406878643,260.4307450789623,-0.004175271380972845,0.004129119716992591,0.5,0.00835054276194569,0.008258239433985182,278.2921142578125,193.91827392578125,279.187744140625,239.42876454946156,4.657627940092659e-06,0.007181265576330564
9,t01_loc01,2020-01-01T06:00:00.000000000,58.0,10.25,northern_sector_west,northern_sector_west_loc01,54.4,231.29330670789088,231.29231326049873,231.29429408159513,-0.0009934473921475728,0.0009873737042482844,0.7,0.0014192105602108184,0.001410533863211835,278.2921142578125,193.91827392578125,279.187744140625,239.42876454946156,4.657627940092659e-06,0.007181265576330564
10,t01_loc02,2020-01-01T06:00:00.000000000,58.0,11.0,northern_sector_east,northern_sector_east_loc00,50.3,271.36465354444005,271.3586195796996,271.3706102222907,-0.006033964740424835,0.005956677850633696,0.3,0.020113215801416118,0.019855592835445655,278.2315673828125,193.14093017578125,279.410400390625,239.37259900892104,4.65140447403205e-06,0.007498469261351906
10,t01_loc02,2020-01-01T06:00:00.000000000,58.0,11.0,northern_sector_east,northern_sector_east_loc00,52.8,260.3391611252543,260.3348999699374,260.3433767015689,-0.0042611553168967475,0.004215576314607006,0.5,0.008522310633793495,0.008431152629214012,278.2315673828125,193.14093017578125,279.410400390625,239.37259900892104,4.65140447403205e-06,0.007498469261351906
10,t01_loc02,2020-01-01T06:00:00.000000000,58.0,11.0,northern_sector_east,northern_sector_east_loc00,54.4,231.248838687736,231.2478135431733,231.24985750092438,-0.0010251445627034173,0.0010188131883808182,0.7,0.0014644922324334533,0.0014554474119725976,278.2315673828125,193.14093017578125,279.410400390625,239.37259900892104,4.65140447403205e-06,0.007498469261351906
11,t01_loc03,2020-01-01T06:00:00.000000000,58.0,10.75,northern_sector_east,northern_sector_east_loc01,50.3,271.39264161685304,271.3867278223176,271.3984804210309,-0.005913794535445049,0.005838804177869861,0.3,0.0197126484514835,0.019462680592899538,278.2432861328125,193.49151611328125,279.468994140625,239.4072537808805,4.653790915899219e-06,0.007410258657575427
11,t01_loc03,2020-01-01T06:00:00.000000000,58.0,10.75,northern_sector_east,northern_sector_east_loc01,52.8,260.38112138554607,260.37693090873637,260.3852676350799,-0.004190476809696975,0.004146249533846458,0.5,0.00838095361939395,0.008292499067692916,278.2432861328125,193.49151611328125,279.468994140625,239.4072537808805,4.653790915899219e-06,0.007410258657575427
11,t01_loc03,2020-01-01T06:00:00.000000000,58.0,10.75,northern_sector_east,northern_sector_east_loc01,54.4,231.26499408242267,231.26397679625805,231.26600520510766,-0.001017286164625375,0.0010111226849858213,0.7,0.0014532659494648215,0.0014444609785511733,278.2432861328125,193.49151611328125,279.468994140625,239.4072537808805,4.653790915899219e-06,0.007410258657575427
12,t01_loc04,2020-01-01T06:00:00.000000000,57.0,10.0,southern_sector_west,southern_sector_west_loc00,50.3,270.88898480666575,270.8826538459908,270.895229120951,-0.00633096067497263,0.006244314285254404,0.3,0.02110320224990877,0.020814380950848015,277.5225830078125,194.73858642578125,278.6448974609375,239.92348583324537,4.662213651957621e-06,0.007232319219456375
12,t01_loc04,2020-01-01T06:00:00.000000000,57.0,10.0,southern_sector_west,southern_sector_west_loc00,52.8,260.20050504900263,260.19612938487364,260.2048302168492,-0.004375664128986045,0.004325167846559452,0.5,0.00875132825797209,0.008650335693118905,277.5225830078125,194.73858642578125,278.6448974609375,239.92348583324537,4.662213651957621e-06,0.007232319219456375
12,t01_loc04,2020-01-01T06:00:00.000000000,57.0,10.0,southern_sector_west,southern_sector_west_loc00,54.4,231.49703246636142,231.49603016332767,231.4980283541844,-0.0010023030337436012,0.0009958878229952006,0.7,0.0014318614767765733,0.0014226968899931438,277.5225830078125,194.73858642578125,278.6448974609375,239.92348583324537,4.662213651957621e-06,0.007232319219456375
13,t01_loc05,2020-01-01T06:00:00.000000000,57.0,10.25,southern_sector_west,southern_sector_west_loc01,50.3,270.82564465567987,270.8194831382405,270.83172500417464,-0.0061615174393523375,0.006080348494776899,0.3,0.020538391464507793,0.020267828315922998,277.4346923828125,194.63116455078125,278.8167724609375,239.95014293773755,4.660435518782388e-06,0.007240828473802536
13,t01_loc05,2020-01-01T06:00:00.000000000,57.0,10.25,southern_sector_west,southern_sector_west_loc01,52.8,260.1604510495389,260.15614750090936,260.16470690451257,-0.004303548629536635,0.004255854973678197,0.5,0.00860709725907327,0.008511709947356394,277.4346923828125,194.63116455078125,278.8167724609375,239.95014293773755,4.660435518782388e-06,0.007240828473802536
13,t01_loc05,2020-01-01T06:00:00.000000000,57.0,10.25,southern_sector_west,southern_sector_west_loc01,54.4,231.46586833719306,231.46486283403786,231.46686755430872,-0.0010055031551985394,0.0009992171156625318,0.7,0.0014364330788550564,0.0014274530223750456,277.4346923828125,194.63116455078125,278.8167724609375,239.95014293773755,4.660435518782388e-06,0.007240828473802536
14,t01_loc06,2020-01-01T06:00:00.000000000,57.0,11.0,southern_sector_east,southern_sector_east_loc00,50.3,270.5592392294311,270.5532843435429,270.5651218155468,-0.005954885888229455,0.005882586115660615,0.3,0.01984961962743152,0.019608620385535385,277.1456298828125,194.14483642578125,278.5296630859375,239.89558740564294,4.654352431633701e-06,0.007344493862921158
14,t01_loc06,2020-01-01T06:00:00.000000000,57.0,11.0,southern_sector_east,southern_sector_east_loc00,52.8,259.92771022894016,259.9234906180223,259.93188658959684,-0.004219610917857608,0.004176360656686029,0.5,0.008439221835715216,0.008352721313372058,277.1456298828125,194.14483642578125,278.5296630859375,239.89558740564294,4.654352431633701e-06,0.007344493862921158
14,t01_loc06,2020-01-01T06:00:00.000000000,57.0,11.0,southern_sector_east,southern_sector_east_loc00,54.4,231.35668923050554,231.35568275952915,231.35768958739135,-0.001006470976392393,0.0010003568858110157,0.7,0.0014378156805605613,0.0014290812654443083,277.1456298828125,194.14483642578125,278.5296630859375,239.89558740564294,4.654352431633701e-06,0.007344493862921158
15,t01_loc07,2020-01-01T06:00:00.000000000,57.0,10.75,southern_sector_east,southern_sector_east_loc01,50.3,270.64910163747805,270.64309320722504,270.6550357334431,-0.00600843025301856,0.005934095965073993,0.3,0.0200281008433952,0.019780319883579978,277.2374267578125,194.32940673828125,278.7073974609375,239.92604559821052,4.656551701597529e-06,0.007304263922863749
15,t01_loc07,2020-01-01T06:00:00.000000000,57.0,10.75,southern_sector_east,southern_sector_east_loc01,52.8,260.0103470642505,260.00609624728247,260.0145535667977,-0.00425081696801044,0.00420650254721977,0.5,0.00850163393602088,0.00841300509443954,277.2374267578125,194.32940673828125,278.7073974609375,239.92604559821052,4.656551701597529e-06,0.007304263922863749
15,t01_loc07,2020-01-01T06:00:00.000000000,57.0,10.75,southern_sector_east,southern_sector_east_loc01,54.4,231.38863991689573,231.38762630971746,231.38964733535022,-0.0010136071782653744,0.0010074184544919262,0.7,0.0014480102546648207,0.0014391692207027518,277.2374267578125,194.32940673828125,278.7073974609375,239.92604559821052,4.656551701597529e-06,0.007304263922863749
16,t02_loc00,2020-01-01T12:00:00.000000000,58.0,10.0,northern_sector_west,northern_sector_west_loc00,50.3,271.3823541965721,271.3765446952568,271.3880747093015,-0.005809501315297894,0.005720512729396887,0.3,0.019365004384326312,0.01906837576465629,278.0008544921875,195.8383026123047,281.2697448730469,239.71837925266576,4.676302725405363e-06,0.007247282996419397
16,t02_loc00,2020-01-01T12:00:00.000000000,58.0,10.0,northern_sector_west,northern_sector_west_loc00,52.8,260.6437072178824,260.63967361460436,260.647688217665,-0.004033603278060127,0.003980999782584149,0.5,0.008067206556120254,0.007961999565168298,278.0008544921875,195.8383026123047,281.2697448730469,239.71837925266576,4.676302725405363e-06,0.007247282996419397
16,t02_loc00,2020-01-01T12:00:00.000000000,58.0,10.0,northern_sector_west,northern_sector_west_loc00,54.4,231.61968637970278,231.61876649969102,231.6205994488385,-0.0009198800117644623,0.0009130691357199794,0.7,0.0013141143025206606,0.0013043844795999706,278.0008544921875,195.8383026123047,281.2697448730469,239.71837925266576,4.676302725405363e-06,0.007247282996419397
17,t02_loc01,2020-01-01T12:00:00.000000000,58.0,10.25,northern_sector_west,northern_sector_west_loc01,50.3,271.44672330862255,271.4408154292762,271.4525423132446,-0.005907879346352729,0.005819004622026114,0.3,0.019692931154509097,0.01939668207342038,278.0906982421875,195.54945373535156,281.1779479980469,239.7505530280036,4.676583483280417e-06,0.007218661086740279
17,t02_loc01,2020-01-01T12:00:00.000000000,58.0,10.25,northern_sector_west,northern_sector_west_loc01,52.8,260.67279167640197,260.6686791256297,260.6768513271169,-0.004112550772276791,0.004059650714907548,0.5,0.008225101544553581,0.008119301429815096,278.0906982421875,195.54945373535156,281.1779479980469,239.7505530280036,4.676583483280417e-06,0.007218661086740279
17,t02_loc01,2020-01-01T12:00:00.000000000,58.0,10.25,northern_sector_west,northern_sector_west_loc01,54.4,231.61144442338397,231.6105086455275,231.61237326417614,-0.0009357778564833552,0.0009288407921701491,0.7,0.001336825509261936,0.0013269154173859274,278.0906982421875,195.54945373535156,281.1779479980469,239.7505530280036,4.676583483280417e-06,0.007218661086740279
18,t02_loc02,2020-01-01T12:00:00.000000000,58.0,11.0,northern_sector_east,northern_sector_east_loc00,50.3,271.53088279655145,271.524920323313,271.5367633490011,-0.0059624732384691015,0.005880552449639254,0.3,0.019874910794897005,0.019601841498797512,278.2235107421875,194.28968811035156,280.74688720703125,239.90896730165224,4.6741034553875e-06,0.007211699153997038
18,t02_loc02,2020-01-01T12:00:00.000000000,58.0,11.0,northern_sector_east,northern_sector_east_loc00,52.8,260.69226209994866,260.68807624398323,260.696398341631,-0.004185855965431529,0.004136241682317632,0.5,0.008371711930863057,0.008272483364635264,278.2235107421875,194.28968811035156,280.74688720703125,239.90896730165224,4.6741034553875e-06,0.007211699153997038
18,t02_loc02,2020-01-01T12:00:00.000000000,58.0,11.0,northern_sector_east,northern_sector_east_loc00,54.4,231.58328763236668,231.5823298882574,231.58423861368476,-0.0009577441092858408,0.000950981318084132,0.7,0.001368205870408344,0.0013585447401201886,278.2235107421875,194.28968811035156,280.74688720703125,239.90896730165224,4.6741034553875e-06,0.007211699153997038
19,t02_loc03,2020-01-01T12:00:00.000000000,58.0,10.75,northern_sector_east,northern_sector_east_loc01,50.3,271.5252937970546,271.51938028649596,271.5311239503802,-0.005913510558627877,0.0058301533256326366,0.3,0.019711701862092923,0.019433844418775457,278.2020263671875,194.63734436035156,281.01446533203125,239.85897785908466,4.675460451780789e-06,0.007201643134888943
19,t02_loc03,2020-01-01T12:00:00.000000000,58.0,10.75,northern_sector_east,northern_sector_east_loc01,52.8,260.70323381660484,260.6990792025116,260.7073380389346,-0.004154614093238251,0.004104222329772256,0.5,0.008309228186476503,0.008208444659544512,278.2020263671875,194.63734436035156,281.01446533203125,239.85897785908466,4.675460451780789e-06,0.007201643134888943
19,t02_loc03,2020-01-01T12:00:00.000000000,58.0,10.75,northern_sector_east,northern_sector_east_loc01,54.4,231.59411862732668,231.59316555806961,231.59506485381246,-0.0009530692570649535,0.0009462264857802438,0.7,0.0013615275100927909,0.0013517521225432055,278.2020263671875,194.63734436035156,281.01446533203125,239.85897785908466,4.675460451780789e-06,0.007201643134888943
20,t02_loc04,2020-01-01T12:00:00.000000000,57.0,10.0,southern_sector_west,southern_sector_west_loc00,50.3,270.7100604795007,270.70519766739096,270.7148629402607,-0.004862812109763581,0.00480246075994728,0.3,0.016209373699211937,0.0160082025331576,276.9735107421875,195.3726806640625,281.3420104980469,240.42622870367927,4.675694416676415e-06,0.007186172580791903
20,t02_loc04,2020-01-01T12:00:00.000000000,57.0,10.0,southern_sector_west,southern_sector_west_loc00,52.8,260.3955815625575,260.39197283616255,260.39915413476285,-0.0036087263949298176,0.003572572205371216,0.5,0.007217452789859635,0.007145144410742432,276.9735107421875,195.3726806640625,281.3420104980469,240.42622870367927,4.675694416676415e-06,0.007186172580791903
20,t02_loc04,2020-01-01T12:00:00.000000000,57.0,10.0,southern_sector_west,southern_sector_west_loc00,54.4,231.73859461151545,231.73763911459292,231.73954487486742,-0.0009554969225291643,0.0009502633519673509,0.7,0.001364995603613092,0.0013575190742390727,276.9735107421875,195.3726806640625,281.3420104980469,240.42622870367927,4.675694416676415e-06,0.007186172580791903
21,t02_loc05,2020-01-01T12:00:00.000000000,57.0,10.25,southern_sector_west,southern_sector_west_loc01,50.3,270.7308904791194,270.7261232164468,270.73560218895085,-0.004767262672601191,0.004711709831440203,0.3,0.015890875575337304,0.015705699438134012,276.9832763671875,195.3472900390625,281.6408386230469,240.47785454827385,4.675554037739032e-06,0.007142083127675054
21,t02_loc05,2020-01-01T12:00:00.000000000,57.0,10.25,southern_sector_west,southern_sector_west_loc01,52.8,260.41651656378895,260.4129197306324,260.4200795540541,-0.0035968331565641165,0.003562990265152166,0.5,0.007193666313128233,0.007125980530304332,276.9832763671875,195.3472900390625,281.6408386230469,240.47785454827385,4.675554037739032e-06,0.007142083127675054
21,t02_loc05,2020-01-01T12:00:00.000000000,57.0,10.25,southern_sector_west,southern_sector_west_loc01,54.4,231.7214442162593,231.72047050915788,231.7224127326432,-0.0009737071014228604,0.0009685163838923927,0.7,0.0013910101448898007,0.0013835948341319898,276.9832763671875,195.3472900390625,281.6408386230469,240.47785454827385,4.675554037739032e-06,0.007142083127675054
22,t02_loc06,2020-01-01T12:00:00.000000000,57.0,11.0,southern_sector_east,southern_sector_east_loc00,50.3,270.66829573937036,270.6635293695486,270.6730103771538,-0.004766369821766148,0.004714637783422404,0.3,0.01588789940588716,0.015715459278074682,276.9188232421875,194.9117431640625,281.6896667480469,240.5529970736117,4.672886837933395e-06,0.007082527513393184
22,t02_loc06,2020-01-01T12:00:00.000000000,57.0,11.0,southern_sector_east,southern_sector_east_loc00,52.8,260.3525920094559,260.34894628156104,260.3562053129781,-0.003645727894877382,0.003613303522172373,0.5,0.007291455789754764,0.007226607044344746,276.9188232421875,194.9117431640625,281.6896667480469,240.5529970736117,4.672886837933395e-06,0.007082527513393184
22,t02_loc06,2020-01-01T12:00:00.000000000,57.0,11.0,southern_sector_east,southern_sector_east_loc00,54.4,231.6807656773765,231.6797728478463,231.6817531374886,-0.0009928295302188417,0.000987460112099825,0.7,0.0014183279003126311,0.0014106573029997501,276.9188232421875,194.9117431640625,281.6896667480469,240.5529970736117,4.672886837933395e-06,0.007082527513393184
23,t02_loc07,2020-01-01T12:00:00.000000000,57.0,10.75,southern_sector_east,southern_sector_east_loc01,50.3,270.6860458343663,270.68135604781514,270.6906846143673,-0.004689786551182351,0.004638780000959741,0.3,0.015632621837274506,0.015462600003199139,276.9285888671875,195.1256103515625,281.8029479980469,240.5318030280036,4.674009869429427e-06,0.007095675777661465
23,t02_loc07,2020-01-01T12:00:00.000000000,57.0,10.75,southern_sector_east,southern_sector_east_loc01,52.8,260.37618613434955,260.37259337395426,260.37974707881426,-0.003592760395292771,0.003560944464709337,0.5,0.007185520790585542,0.007121888929418674,276.9285888671875,195.1256103515625,281.8029479980469,240.5318030280036,4.674009869429427e-06,0.007095675777661465
23,t02_loc07,2020-01-01T12:00:00.000000000,57.0,10.75,southern_sector_east,southern_sector_east_loc01,54.4,231.6863749562194,231.6853884249559,231.68735625961227,-0.0009865312634929069,0.000981303392876498,0.7,0.0014093303764184384,0.0014018619898235687,276.9285888671875,195.1256103515625,281.8029479980469,240.5318030280036,4.674009869429427e-06,0.007095675777661465
24,t03_loc00,2020-01-01T18:00:00.000000000,58.0,10.0,northern_sector_west,northern_sector_west_loc00,50.3,272.19559651065845,272.18875889919207,272.20233133484425,-0.006837611466380622,0.006734824185798516,0.3,0.02279203822126874,0.022449413952661722,278.96087646484375,195.11752319335938,282.2708740234375,240.70891055545292,4.638002672869161e-06,0.007777074184961086
24,t03_loc00,2020-01-01T18:00:00.000000000,58.0,10.0,northern_sector_west,northern_sector_west_loc00,52.8,261.22569509739753,261.2209679435202,261.2303601123675,-0.00472715387735434,0.004665014969987169,0.5,0.00945430775470868,0.009330029939974338,278.96087646484375,195.11752319335938,282.2708740234375,240.70891055545292,4.638002672869161e-06,0.007777074184961086
24,t03_loc00,2020-01-01T18:00:00.000000000,58.0,10.0,northern_sector_west,northern_sector_west_loc00,54.4,231.98727156818134,231.98625961361802,231.98827467489,-0.0010119545633244798,0.0010031067086515577,0.7,0.0014456493761778283,0.0014330095837879397,278.96087646484375,195.11752319335938,282.2708740234375,240.70891055545292,4.638002672869161e-06,0.007777074184961086
25,t03_loc01,2020-01-01T18:00:00.000000000,58.0,10.25,northern_sector_west,northern_sector_west_loc01,50.3,272.21240169058075,272.2055846923514,272.2191175015804,-0.006816998229339788,0.006715810999651239,0.3,0.022723327431132628,0.022386036665504132,278.99407958984375,195.35678100585938,282.4134521484375,240.66686558079076,4.639219290270472e-06,0.0076795451809307715
25,t03_loc01,2020-01-01T18:00:00.000000000,58.0,10.25,northern_sector_west,northern_sector_west_loc01,52.8,261.2179261238508,261.2131917533508,261.2225989878294,-0.004734370499988927,0.004672863978555597,0.5,0.009468740999977854,0.009345727957111194,278.99407958984375,195.35678100585938,282.4134521484375,240.66686558079076,4.639219290270472e-06,0.0076795451809307715
25,t03_loc01,2020-01-01T18:00:00.000000000,58.0,10.25,northern_sector_west,northern_sector_west_loc01,54.4,231.94787069746522,231.9468495397311,231.9488829473971,-0.0010211577341294742,0.0010122499318754308,0.7,0.0014587967630421061,0.0014460713312506154,278.99407958984375,195.35678100585938,282.4134521484375,240.66686558079076,4.639219290270472e-06,0.0076795451809307715
26,t03_loc02,2020-01-01T18:00:00.000000000,58.0,11.0,northern_sector_east,northern_sector_east_loc00,50.3,272.0936607290506,272.08638984034184,272.10082130867926,-0.007270888708774237,0.007160579628646246,0.3,0.024236295695914123,0.023868598762154157,278.92767333984375,195.83627319335938,282.2083740234375,240.50911114666914,4.643149900348829e-06,0.0075177968433273856
26,t03_loc02,2020-01-01T18:00:00.000000000,58.0,11.0,northern_sector_east,northern_sector_east_loc00,52.8,261.05070009522626,261.0456897220647,261.05564349936856,-0.005010373161553616,0.004943404142295549,0.5,0.010020746323107232,0.009886808284591098,278.92767333984375,195.83627319335938,282.2083740234375,240.50911114666914,4.643149900348829e-06,0.0075177968433273856
26,t03_loc02,2020-01-01T18:00:00.000000000,58.0,11.0,northern_sector_east,northern_sector_east_loc00,54.4,231.80911253908494,231.8080567555732,231.81015868723134,-0.0010557835117310788,0.0010461481464005828,0.7,0.0015082621596158269,0.0014944973520008328,278.92767333984375,195.83627319335938,282.2083740234375,240.50911114666914,4.643149900348829e-06,0.0075177968433273856
27,t03_loc03,2020-01-01T18:00:00.000000000,58.0,10.75,northern_sector_east,northern_sector_east_loc01,50.3,272.1749274110215,272.16790276789425,272.1818475749502,-0.0070246431272380505,0.006920163928725742,0.3,0.0234154770907935,0.023067213095752475,278.99407958984375,195.72006225585938,282.4818115234375,240.57184868889885,4.641839696987242e-06,0.007544107763977526
27,t03_loc03,2020-01-01T18:00:00.000000000,58.0,10.75,northern_sector_east,northern_sector_east_loc01,52.8,261.13830543104217,261.1334294445124,261.14311771229245,-0.0048759865297824945,0.004812281250281103,0.5,0.009751973059564989,0.009624562500562206,278.99407958984375,195.72006225585938,282.4818115234375,240.57184868889885,4.641839696987242e-06,0.007544107763977526
27,t03_loc03,2020-01-01T18:00:00.000000000,58.0,10.75,northern_sector_east,northern_sector_east_loc01,54.4,231.85728258621043,231.8562364743898,231.85831939180056,-0.0010461118206421816,0.001036805590132417,0.7,0.0014944454580602595,0.00148115084304631,278.99407958984375,195.72006225585938,282.4818115234375,240.57184868889885,4.641839696987242e-06,0.007544107763977526
28,t03_loc04,2020-01-01T18:00:00.000000000,57.0,10.0,southern_sector_west,southern_sector_west_loc00,50.3,271.0273130563914,271.025193053174,271.0294076929986,-0.002120003217385147,0.002094636607182565,0.3,0.007066677391283823,0.0069821220239418835,277.17181396484375,195.15463256835938,281.9036865234375,241.15237550477724,4.662054263375142e-06,0.0073506651292776426
28,t03_loc04,2020-01-01T18:00:00.000000000,57.0,10.0,southern_sector_west,southern_sector_west_loc00,52.8,260.78276758490836,260.7810266492393,260.78449175005375,-0.0017409356690336608,0.0017241651453900886,0.5,0.0034818713380673216,0.003448330290780177,277.17181396484375,195.15463256835938,281.9036865234375,241.15237550477724,4.662054263375142e-06,0.0073506651292776426
28,t03_loc04,2020-01-01T18:00:00.000000000,57.0,10.0,southern_sector_west,southern_sector_west_loc00,54.4,232.11979508650776,232.11930708989232,232.1202797681591,-0.00048799661544762785,0.0004846816513293106,0.7,0.0006971380220680398,0.0006924023590418724,277.17181396484375,195.15463256835938,281.9036865234375,241.15237550477724,4.662054263375142e-06,0.0073506651292776426
29,t03_loc05,2020-01-01T18:00:00.000000000,57.0,10.25,southern_sector_west,southern_sector_west_loc01,50.3,270.9810656007844,270.9791856866149,270.9829257582459,-0.0018799141694785249,0.0018601574615217942,0.3,0.006266380564928417,0.006200524871739314,277.10150146484375,195.26498413085938,282.0501708984375,241.17407102842589,4.6628965369856685e-06,0.007285678802539976
29,t03_loc05,2020-01-01T18:00:00.000000000,57.0,10.25,southern_sector_west,southern_sector_west_loc01,52.8,260.75610690580174,260.75446828243105,260.75773138945124,-0.0016386233706953135,0.0016244836494934134,0.5,0.003277246741390627,0.003248967298986827,277.10150146484375,195.26498413085938,282.0501708984375,241.17407102842589,4.6628965369856685e-06,0.007285678802539976
29,t03_loc05,2020-01-01T18:00:00.000000000,57.0,10.25,southern_sector_west,southern_sector_west_loc01,54.4,232.07004687044608,232.06955508644407,232.0705353912095,-0.0004917840020084441,0.0004885207634117705,0.7,0.0007025485742977773,0.000697886804873958,277.10150146484375,195.26498413085938,282.0501708984375,241.17407102842589,4.6628965369856685e-06,0.007285678802539976
30,t03_loc06,2020-01-01T18:00:00.000000000,57.0,11.0,southern_sector_east,southern_sector_east_loc00,50.3,270.77661369101764,270.7741644727119,270.77903290151744,-0.0024492183057418515,0.002419210499795099,0.3,0.008164061019139506,0.008064034999316998,276.92376708984375,195.43392944335938,281.7572021484375,241.06664915342589,4.6621478493318235e-06,0.0071704183015964765
30,t03_loc06,2020-01-01T18:00:00.000000000,57.0,11.0,southern_sector_east,southern_sector_east_loc00,52.8,260.54280941245486,260.54079957582826,260.54479868805373,-0.0020098366265983714,0.001989275598873519,0.5,0.004019673253196743,0.003978551197747038,276.92376708984375,195.43392944335938,281.7572021484375,241.06664915342589,4.6621478493318235e-06,0.0071704183015964765
30,t03_loc06,2020-01-01T18:00:00.000000000,57.0,11.0,southern_sector_east,southern_sector_east_loc00,54.4,231.9149699428713,231.91441267603545,231.91552302542493,-0.0005572668358411192,0.0005530825536368411,0.7,0.0007960954797730275,0.0007901179337669159,276.92376708984375,195.43392944335938,281.7572021484375,241.06664915342589,4.6621478493318235e-06,0.0071704183015964765
31,t03_loc07,2020-01-01T18:00:00.000000000,57.0,10.75,southern_sector_east,southern_sector_east_loc01,50.3,270.83592509152476,270.8338553392824,270.83797234647875,-0.0020697522423347436,0.0020472549539931606,0.3,0.006899174141115813,0.006824183179977203,276.95697021484375,195.40463256835938,281.9583740234375,241.12292026829076,4.662522193158659e-06,0.007201359102513919
31,t03_loc07,2020-01-01T18:00:00.000000000,57.0,10.75,southern_sector_east,southern_sector_east_loc01,52.8,260.61856518525735,260.6167748190967,260.62033930794496,-0.0017903661606624155,0.001774122687606905,0.5,0.003580732321324831,0.00354824537521381,276.95697021484375,195.40463256835938,281.9583740234375,241.12292026829076,4.662522193158659e-06,0.007201359102513919
31,t03_loc07,2020-01-01T18:00:00.000000000,57.0,10.75,southern_sector_east,southern_sector_east_loc01,54.4,231.95925493280583,231.95872456085303,231.95978160273594,-0.0005303719528058082,0.0005266699301103017,0.7,0.0007576742182940117,0.0007523856144432882,276.95697021484375,195.40463256835938,281.9583740234375,241.12292026829076,4.662522193158659e-06,0.007201359102513919
32,synthetic_00,2020-01-01T00:00:00.000000000,58.0,10.0,synthetic_warm_moist,synthetic_warm_moist,50.3,287.0338398610762,287.00176449788455,287.065234758072,-0.03207536319166593,0.0313948969957778,0.3,0.1069178773055531,0.10464965665259267,293.3916015625,211.34347534179688,293.5409240722656,253.85177983464422,9.304736233835022e-06,0.014768218513723572
32,synthetic_00,2020-01-01T00:00:00.000000000,58.0,10.0,synthetic_warm_moist,synthetic_warm_moist,52.8,275.6843021598455,275.6603594816508,275.70774265017985,-0.023942678194714517,0.023440490334337483,0.5,0.047885356389429035,0.046880980668674965,293.3916015625,211.34347534179688,293.5409240722656,253.85177983464422,9.304736233835022e-06,0.014768218513723572
32,synthetic_00,2020-01-01T00:00:00.000000000,58.0,10.0,synthetic_warm_moist,synthetic_warm_moist,54.4,246.20931028517916,246.20369727272586,246.21481226935958,-0.005613012453295596,0.005501984180426689,0.7,0.00801858921899371,0.007859977400609557,293.3916015625,211.34347534179688,293.5409240722656,253.85177983464422,9.304736233835022e-06,0.014768218513723572
33,synthetic_01,2020-01-01T00:00:00.000000000,58.0,10.0,synthetic_cold_dry,synthetic_cold_dry,50.3,254.8373650229383,254.83206236557248,254.84263188822123,-0.005302657365803043,0.005266865282948174,0.3,0.017675524552676812,0.01755621760982725,263.3916015625,181.34347534179688,263.5409240722656,223.85177983464422,1.3957104350752533e-06,0.0022152327770585357
33,synthetic_01,2020-01-01T00:00:00.000000000,58.0,10.0,synthetic_cold_dry,synthetic_cold_dry,52.8,243.13166337064536,243.12779058539925,243.13551040906734,-0.0038727852461022394,0.003847038421980642,0.5,0.007745570492204479,0.007694076843961284,263.3916015625,181.34347534179688,263.5409240722656,223.85177983464422,1.3957104350752533e-06,0.0022152327770585357
33,synthetic_01,2020-01-01T00:00:00.000000000,58.0,10.0,synthetic_cold_dry,synthetic_cold_dry,54.4,215.27932806361997,215.27841932559699,215.28023125777932,-0.0009087380229857445,0.000903194159349141,0.7,0.0012981971756939208,0.001290277370498773,263.3916015625,181.34347534179688,263.5409240722656,223.85177983464422,1.3957104350752533e-06,0.0022152327770585357
34,synthetic_02,2020-01-01T00:00:00.000000000,58.0,10.0,synthetic_strong_lapse,synthetic_strong_lapse,50.3,279.02933651747384,279.00593877844125,279.05239174970876,-0.023397739032589016,0.023055232234924006,0.3,0.0779924634419634,0.07685077411641336,288.3916015625,189.67680867513022,288.3916015625,238.85177983464422,4.652368116917511e-06,0.007384109256861786
34,synthetic_02,2020-01-01T00:00:00.000000000,58.0,10.0,synthetic_strong_lapse,synthetic_strong_lapse,52.8,264.7048982221514,264.68821554241885,264.72133924292,-0.016682679732582528,0.016441020768581893,0.5,0.033365359465165056,0.032882041537163786,288.3916015625,189.67680867513022,288.3916015625,238.85177983464422,4.652368116917511e-06,0.007384109256861786
34,synthetic_02,2020-01-01T00:00:00.000000000,58.0,10.0,synthetic_strong_lapse,synthetic_strong_lapse,54.4,230.95164091950494,230.94807633653681,230.9551569114291,-0.0035645829681243413,0.003515991924160744,0.7,0.005092261383034774,0.005022845605943921,288.3916015625,189.67680867513022,288.3916015625,238.85177983464422,4.652368116917511e-06,0.007384109256861786
